time_ns,clock,v,ve,p_bits,p_dec,pe_bits,pe_dec,b,error,reset,start,ready,state_bits,state,next_state_bits,next,count
0,1,0,0,xxxxx,,xxxxx,,0,0,0,0,0,0x,0x,0x,0x,
50,0,0,0,xxxxx,,xxxxx,,0,0,1,0,0,0x,0x,0x,0x,
100,1,0,0,xxxxx,,xxxxx,,0,0,1,0,1,01,IDLE,01,IDLE,
150,0,0,0,xxxxx,,xxxxx,,0,0,1,0,1,01,IDLE,01,IDLE,
200,1,0,0,xxxxx,,xxxxx,,0,0,1,0,1,01,IDLE,01,IDLE,
250,0,0,1,xxxxx,,00000,0,1@0,0,0,1,1,01,IDLE,10,CHECK,
300,1,1,1,00000,0,00000,0,1@0,0,0,1,0,10,CHECK,01,IDLE,0
350,0,1,1,00000,0,00000,0,1@0,0,0,1,0,10,CHECK,01,IDLE,0
400,1,1,1,00000,0,00000,0,1@0,0,0,0,1,01,IDLE,01,IDLE,0
450,0,1,1,00000,0,00001,1,1@1,0,0,1,1,01,IDLE,10,CHECK,0
500,1,0,1,00000,0,00001,1,1@1,0,0,1,0,10,CHECK,10,CHECK,0
550,0,0,1,00000,0,00001,1,1@1,0,0,0,0,10,CHECK,10,CHECK,0
600,1,1,1,00001,1,00001,1,1@1,0,0,0,0,10,CHECK,01,IDLE,1
650,0,1,1,00001,1,00001,1,1@1,0,0,0,0,10,CHECK,01,IDLE,1
700,1,1,1,00001,1,00001,1,1@1,0,0,0,1,01,IDLE,01,IDLE,1
750,0,1,1,00001,1,00010,2,1@2,0,0,1,1,01,IDLE,10,CHECK,1
800,1,0,1,00000,0,00010,2,1@2,0,0,1,0,10,CHECK,10,CHECK,0
850,0,0,1,00000,0,00010,2,1@2,0,0,0,0,10,CHECK,10,CHECK,0
900,1,0,1,00001,1,00010,2,1@2,0,0,0,0,10,CHECK,10,CHECK,1
950,0,0,1,00001,1,00010,2,1@2,0,0,0,0,10,CHECK,10,CHECK,1
1000,1,1,1,00010,2,00010,2,1@2,0,0,0,0,10,CHECK,01,IDLE,2
1050,0,1,1,00010,2,00010,2,1@2,0,0,0,0,10,CHECK,01,IDLE,2
1100,1,1,1,00010,2,00010,2,1@2,0,0,0,1,01,IDLE,01,IDLE,2
1150,0,1,1,00010,2,00011,3,1@3,0,0,0,1,01,IDLE,01,IDLE,2
1200,1,1,1,00010,2,00011,3,1@3,0,0,0,1,01,IDLE,01,IDLE,2
1250,0,1,1,00010,2,00011,3,1@3,0,0,0,1,01,IDLE,01,IDLE,2
1300,1,1,1,00010,2,00011,3,1@3,0,0,0,1,01,IDLE,01,IDLE,2
1350,0,1,1,00010,2,00011,3,1@3,0,0,1,1,01,IDLE,10,CHECK,2
1400,1,0,1,00000,0,00011,3,1@3,0,0,1,0,10,CHECK,10,CHECK,0
1450,0,0,1,00000,0,00011,3,1@3,0,0,0,0,10,CHECK,10,CHECK,0
1500,1,0,1,00001,1,00011,3,1@3,0,0,0,0,10,CHECK,10,CHECK,1
1550,0,0,1,00001,1,00011,3,1@3,0,0,0,0,10,CHECK,10,CHECK,1
1600,1,0,1,00010,2,00011,3,1@3,0,0,0,0,10,CHECK,10,CHECK,2
1650,0,0,1,00010,2,00011,3,1@3,0,0,0,0,10,CHECK,10,CHECK,2
1700,1,1,1,00011,3,00011,3,1@3,0,0,0,0,10,CHECK,01,IDLE,3
1750,0,1,1,00011,3,00011,3,1@3,0,0,0,0,10,CHECK,01,IDLE,3
1800,1,1,1,00011,3,00011,3,1@3,0,0,0,1,01,IDLE,01,IDLE,3
1850,0,1,1,00011,3,00100,4,1@4,0,0,1,1,01,IDLE,10,CHECK,3
1900,1,0,1,00000,0,00100,4,1@4,0,0,1,0,10,CHECK,10,CHECK,0
1950,0,0,1,00000,0,00100,4,1@4,0,0,0,0,10,CHECK,10,CHECK,0
2000,1,0,1,00001,1,00100,4,1@4,0,0,0,0,10,CHECK,10,CHECK,1
2050,0,0,1,00001,1,00100,4,1@4,0,0,0,0,10,CHECK,10,CHECK,1
2100,1,0,1,00010,2,00100,4,1@4,0,0,0,0,10,CHECK,10,CHECK,2
2150,0,0,1,00010,2,00100,4,1@4,0,0,0,0,10,CHECK,10,CHECK,2
2200,1,0,1,00011,3,00100,4,1@4,0,0,0,0,10,CHECK,10,CHECK,3
2250,0,0,1,00011,3,00100,4,1@4,0,0,0,0,10,CHECK,10,CHECK,3
2300,1,1,1,00100,4,00100,4,1@4,0,0,0,0,10,CHECK,01,IDLE,4
2350,0,1,1,00100,4,00100,4,1@4,0,0,0,0,10,CHECK,01,IDLE,4
2400,1,1,1,00100,4,00100,4,1@4,0,0,0,1,01,IDLE,01,IDLE,4
2450,0,1,1,00100,4,00101,5,1@5,0,0,0,1,01,IDLE,01,IDLE,4
2500,1,1,1,00100,4,00101,5,1@5,0,0,0,1,01,IDLE,01,IDLE,4
2550,0,1,1,00100,4,00101,5,1@5,0,0,0,1,01,IDLE,01,IDLE,4
2600,1,1,1,00100,4,00101,5,1@5,0,0,0,1,01,IDLE,01,IDLE,4
2650,0,1,1,00100,4,00101,5,1@5,0,0,0,1,01,IDLE,01,IDLE,4
2700,1,1,1,00100,4,00101,5,1@5,0,0,0,1,01,IDLE,01,IDLE,4
2750,0,1,1,00100,4,00101,5,1@5,0,0,0,1,01,IDLE,01,IDLE,4
2800,1,1,1,00100,4,00101,5,1@5,0,0,0,1,01,IDLE,01,IDLE,4
2850,0,1,1,00100,4,00101,5,1@5,0,0,1,1,01,IDLE,10,CHECK,4
2900,1,0,1,00000,0,00101,5,1@5,0,0,1,0,10,CHECK,10,CHECK,0
2950,0,0,1,00000,0,00101,5,1@5,0,0,1,0,10,CHECK,10,CHECK,0
3000,1,0,1,00001,1,00101,5,1@5,0,0,1,0,10,CHECK,10,CHECK,1
3050,0,0,1,00001,1,00101,5,1@5,0,0,1,0,10,CHECK,10,CHECK,1
3100,1,0,1,00010,2,00101,5,1@5,0,0,1,0,10,CHECK,10,CHECK,2
3150,0,0,1,00010,2,00101,5,1@5,0,0,1,0,10,CHECK,10,CHECK,2
3200,1,0,1,00011,3,00101,5,1@5,0,0,1,0,10,CHECK,10,CHECK,3
3250,0,0,1,00011,3,00101,5,1@5,0,0,1,0,10,CHECK,10,CHECK,3
3300,1,0,1,00100,4,00101,5,1@5,0,0,1,0,10,CHECK,10,CHECK,4
3350,0,0,1,00100,4,00101,5,1@5,0,0,1,0,10,CHECK,10,CHECK,4
3400,1,1,1,00101,5,00101,5,1@5,0,0,1,0,10,CHECK,01,IDLE,5
3450,0,1,1,00101,5,00101,5,1@5,0,0,1,0,10,CHECK,01,IDLE,5
3500,1,1,1,00101,5,00101,5,1@5,0,0,0,1,01,IDLE,01,IDLE,5
3550,0,1,1,00101,5,00110,6,1@6,0,0,0,1,01,IDLE,01,IDLE,5
3600,1,1,1,00101,5,00110,6,1@6,0,0,0,1,01,IDLE,01,IDLE,5
3650,0,1,1,00101,5,00110,6,1@6,0,0,0,1,01,IDLE,01,IDLE,5
3700,1,1,1,00101,5,00110,6,1@6,0,0,0,1,01,IDLE,01,IDLE,5
3750,0,1,1,00101,5,00110,6,1@6,0,0,1,1,01,IDLE,10,CHECK,5
3800,1,0,1,00000,0,00110,6,1@6,0,0,1,0,10,CHECK,10,CHECK,0
3850,0,0,1,00000,0,00110,6,1@6,0,0,0,0,10,CHECK,10,CHECK,0
3900,1,0,1,00001,1,00110,6,1@6,0,0,0,0,10,CHECK,10,CHECK,1
3950,0,0,1,00001,1,00110,6,1@6,0,0,0,0,10,CHECK,10,CHECK,1
4000,1,0,1,00010,2,00110,6,1@6,0,0,0,0,10,CHECK,10,CHECK,2
4050,0,0,1,00010,2,00110,6,1@6,0,0,0,0,10,CHECK,10,CHECK,2
4100,1,0,1,00011,3,00110,6,1@6,0,0,0,0,10,CHECK,10,CHECK,3
4150,0,0,1,00011,3,00110,6,1@6,0,0,0,0,10,CHECK,10,CHECK,3
4200,1,0,1,00100,4,00110,6,1@6,0,0,0,0,10,CHECK,10,CHECK,4
4250,0,0,1,00100,4,00110,6,1@6,0,0,0,0,10,CHECK,10,CHECK,4
4300,1,0,1,00101,5,00110,6,1@6,0,0,0,0,10,CHECK,10,CHECK,5
4350,0,0,1,00101,5,00110,6,1@6,0,0,0,0,10,CHECK,10,CHECK,5
4400,1,1,1,00110,6,00110,6,1@6,0,0,0,0,10,CHECK,01,IDLE,6
4450,0,1,1,00110,6,00110,6,1@6,0,0,0,0,10,CHECK,01,IDLE,6
4500,1,1,1,00110,6,00110,6,1@6,0,0,0,1,01,IDLE,01,IDLE,6
4550,0,1,1,00110,6,00111,7,1@7,0,0,0,1,01,IDLE,01,IDLE,6
4600,1,1,1,00110,6,00111,7,1@7,0,0,0,1,01,IDLE,01,IDLE,6
4650,0,1,1,00110,6,00111,7,1@7,0,0,0,1,01,IDLE,01,IDLE,6
4700,1,1,1,00110,6,00111,7,1@7,0,0,0,1,01,IDLE,01,IDLE,6
4750,0,1,1,00110,6,00111,7,1@7,0,0,1,1,01,IDLE,10,CHECK,6
4800,1,0,1,00000,0,00111,7,1@7,0,0,1,0,10,CHECK,10,CHECK,0
4850,0,0,1,00000,0,00111,7,1@7,0,0,0,0,10,CHECK,10,CHECK,0
4900,1,0,1,00001,1,00111,7,1@7,0,0,0,0,10,CHECK,10,CHECK,1
4950,0,0,1,00001,1,00111,7,1@7,0,0,0,0,10,CHECK,10,CHECK,1
5000,1,0,1,00010,2,00111,7,1@7,0,0,0,0,10,CHECK,10,CHECK,2
5050,0,0,1,00010,2,00111,7,1@7,0,0,0,0,10,CHECK,10,CHECK,2
5100,1,0,1,00011,3,00111,7,1@7,0,0,0,0,10,CHECK,10,CHECK,3
5150,0,0,1,00011,3,00111,7,1@7,0,0,0,0,10,CHECK,10,CHECK,3
5200,1,0,1,00100,4,00111,7,1@7,0,0,0,0,10,CHECK,10,CHECK,4
5250,0,0,1,00100,4,00111,7,1@7,0,0,0,0,10,CHECK,10,CHECK,4
5300,1,0,1,00101,5,00111,7,1@7,0,0,0,0,10,CHECK,10,CHECK,5
5350,0,0,1,00101,5,00111,7,1@7,0,0,0,0,10,CHECK,10,CHECK,5
5400,1,0,1,00110,6,00111,7,1@7,0,0,0,0,10,CHECK,10,CHECK,6
5450,0,0,1,00110,6,00111,7,1@7,0,0,0,0,10,CHECK,10,CHECK,6
5500,1,1,1,00111,7,00111,7,1@7,0,0,0,0,10,CHECK,01,IDLE,7
5550,0,1,1,00111,7,00111,7,1@7,0,0,0,0,10,CHECK,01,IDLE,7
5600,1,1,1,00111,7,00111,7,1@7,0,0,0,1,01,IDLE,01,IDLE,7
5650,0,1,1,00111,7,01000,8,1@8,0,0,1,1,01,IDLE,10,CHECK,7
5700,1,0,1,00000,0,01000,8,1@8,0,0,1,0,10,CHECK,10,CHECK,0
5750,0,0,1,00000,0,01000,8,1@8,0,0,0,0,10,CHECK,10,CHECK,0
5800,1,0,1,00001,1,01000,8,1@8,0,0,0,0,10,CHECK,10,CHECK,1
5850,0,0,1,00001,1,01000,8,1@8,0,0,0,0,10,CHECK,10,CHECK,1
5900,1,0,1,00010,2,01000,8,1@8,0,0,0,0,10,CHECK,10,CHECK,2
5950,0,0,1,00010,2,01000,8,1@8,0,0,0,0,10,CHECK,10,CHECK,2
6000,1,0,1,00011,3,01000,8,1@8,0,0,0,0,10,CHECK,10,CHECK,3
6050,0,0,1,00011,3,01000,8,1@8,0,0,0,0,10,CHECK,10,CHECK,3
6100,1,0,1,00100,4,01000,8,1@8,0,0,0,0,10,CHECK,10,CHECK,4
6150,0,0,1,00100,4,01000,8,1@8,0,0,0,0,10,CHECK,10,CHECK,4
6200,1,0,1,00101,5,01000,8,1@8,0,0,0,0,10,CHECK,10,CHECK,5
6250,0,0,1,00101,5,01000,8,1@8,0,0,0,0,10,CHECK,10,CHECK,5
6300,1,0,1,00110,6,01000,8,1@8,0,0,0,0,10,CHECK,10,CHECK,6
6350,0,0,1,00110,6,01000,8,1@8,0,0,0,0,10,CHECK,10,CHECK,6
6400,1,0,1,00111,7,01000,8,1@8,0,0,0,0,10,CHECK,10,CHECK,7
6450,0,0,1,00111,7,01000,8,1@8,0,0,0,0,10,CHECK,10,CHECK,7
6500,1,1,1,01000,8,01000,8,1@8,0,0,0,0,10,CHECK,01,IDLE,8
6550,0,1,1,01000,8,01000,8,1@8,0,0,0,0,10,CHECK,01,IDLE,8
6600,1,1,1,01000,8,01000,8,1@8,0,0,0,1,01,IDLE,01,IDLE,8
6650,0,1,1,01000,8,01001,9,1@9,0,0,1,1,01,IDLE,10,CHECK,8
6700,1,0,1,00000,0,01001,9,1@9,0,0,1,0,10,CHECK,10,CHECK,0
6750,0,0,1,00000,0,01001,9,1@9,0,0,0,0,10,CHECK,10,CHECK,0
6800,1,0,1,00001,1,01001,9,1@9,0,0,0,0,10,CHECK,10,CHECK,1
6850,0,0,1,00001,1,01001,9,1@9,0,0,0,0,10,CHECK,10,CHECK,1
6900,1,0,1,00010,2,01001,9,1@9,0,0,0,0,10,CHECK,10,CHECK,2
6950,0,0,1,00010,2,01001,9,1@9,0,0,0,0,10,CHECK,10,CHECK,2
7000,1,0,1,00011,3,01001,9,1@9,0,0,0,0,10,CHECK,10,CHECK,3
7050,0,0,1,00011,3,01001,9,1@9,0,0,0,0,10,CHECK,10,CHECK,3
7100,1,0,1,00100,4,01001,9,1@9,0,0,0,0,10,CHECK,10,CHECK,4
7150,0,0,1,00100,4,01001,9,1@9,0,0,0,0,10,CHECK,10,CHECK,4
7200,1,0,1,00101,5,01001,9,1@9,0,0,0,0,10,CHECK,10,CHECK,5
7250,0,0,1,00101,5,01001,9,1@9,0,0,0,0,10,CHECK,10,CHECK,5
7300,1,0,1,00110,6,01001,9,1@9,0,0,0,0,10,CHECK,10,CHECK,6
7350,0,0,1,00110,6,01001,9,1@9,0,0,0,0,10,CHECK,10,CHECK,6
7400,1,0,1,00111,7,01001,9,1@9,0,0,0,0,10,CHECK,10,CHECK,7
7450,0,0,1,00111,7,01001,9,1@9,0,0,0,0,10,CHECK,10,CHECK,7
7500,1,0,1,01000,8,01001,9,1@9,0,0,0,0,10,CHECK,10,CHECK,8
7550,0,0,1,01000,8,01001,9,1@9,0,0,0,0,10,CHECK,10,CHECK,8
7600,1,1,1,01001,9,01001,9,1@9,0,0,0,0,10,CHECK,01,IDLE,9
7650,0,1,1,01001,9,01001,9,1@9,0,0,0,0,10,CHECK,01,IDLE,9
7700,1,1,1,01001,9,01001,9,1@9,0,0,0,1,01,IDLE,01,IDLE,9
7750,0,1,1,01001,9,01010,10,1@10,0,0,1,1,01,IDLE,10,CHECK,9
7800,1,0,1,00000,0,01010,10,1@10,0,0,1,0,10,CHECK,10,CHECK,0
7850,0,0,1,00000,0,01010,10,1@10,0,0,1,0,10,CHECK,10,CHECK,0
7900,1,0,1,00001,1,01010,10,1@10,0,0,1,0,10,CHECK,10,CHECK,1
7950,0,0,1,00001,1,01010,10,1@10,0,0,1,0,10,CHECK,10,CHECK,1
8000,1,0,1,00010,2,01010,10,1@10,0,0,1,0,10,CHECK,10,CHECK,2
8050,0,0,1,00010,2,01010,10,1@10,0,0,1,0,10,CHECK,10,CHECK,2
8100,1,0,1,00011,3,01010,10,1@10,0,0,1,0,10,CHECK,10,CHECK,3
8150,0,0,1,00011,3,01010,10,1@10,0,0,1,0,10,CHECK,10,CHECK,3
8200,1,0,1,00100,4,01010,10,1@10,0,0,1,0,10,CHECK,10,CHECK,4
8250,0,0,1,00100,4,01010,10,1@10,0,0,1,0,10,CHECK,10,CHECK,4
8300,1,0,1,00101,5,01010,10,1@10,0,0,1,0,10,CHECK,10,CHECK,5
8350,0,0,1,00101,5,01010,10,1@10,0,0,1,0,10,CHECK,10,CHECK,5
8400,1,0,1,00110,6,01010,10,1@10,0,0,1,0,10,CHECK,10,CHECK,6
8450,0,0,1,00110,6,01010,10,1@10,0,0,1,0,10,CHECK,10,CHECK,6
8500,1,0,1,00111,7,01010,10,1@10,0,0,1,0,10,CHECK,10,CHECK,7
8550,0,0,1,00111,7,01010,10,1@10,0,0,1,0,10,CHECK,10,CHECK,7
8600,1,0,1,01000,8,01010,10,1@10,0,0,1,0,10,CHECK,10,CHECK,8
8650,0,0,1,01000,8,01010,10,1@10,0,0,1,0,10,CHECK,10,CHECK,8
8700,1,0,1,01001,9,01010,10,1@10,0,0,1,0,10,CHECK,10,CHECK,9
8750,0,0,1,01001,9,01010,10,1@10,0,0,1,0,10,CHECK,10,CHECK,9
8800,1,1,1,01010,10,01010,10,1@10,0,0,1,0,10,CHECK,01,IDLE,10
8850,0,1,1,01010,10,01010,10,1@10,0,0,1,0,10,CHECK,01,IDLE,10
8900,1,1,1,01010,10,01010,10,1@10,0,0,0,1,01,IDLE,01,IDLE,10
8950,0,1,1,01010,10,01011,11,1@11,0,0,0,1,01,IDLE,01,IDLE,10
9000,1,1,1,01010,10,01011,11,1@11,0,0,0,1,01,IDLE,01,IDLE,10
9050,0,1,1,01010,10,01011,11,1@11,0,0,0,1,01,IDLE,01,IDLE,10
9100,1,1,1,01010,10,01011,11,1@11,0,0,0,1,01,IDLE,01,IDLE,10
9150,0,1,1,01010,10,01011,11,1@11,0,0,0,1,01,IDLE,01,IDLE,10
9200,1,1,1,01010,10,01011,11,1@11,0,0,0,1,01,IDLE,01,IDLE,10
9250,0,1,1,01010,10,01011,11,1@11,0,0,0,1,01,IDLE,01,IDLE,10
9300,1,1,1,01010,10,01011,11,1@11,0,0,0,1,01,IDLE,01,IDLE,10
9350,0,1,1,01010,10,01011,11,1@11,0,0,1,1,01,IDLE,10,CHECK,10
9400,1,0,1,00000,0,01011,11,1@11,0,0,1,0,10,CHECK,10,CHECK,0
9450,0,0,1,00000,0,01011,11,1@11,0,0,1,0,10,CHECK,10,CHECK,0
9500,1,0,1,00001,1,01011,11,1@11,0,0,1,0,10,CHECK,10,CHECK,1
9550,0,0,1,00001,1,01011,11,1@11,0,0,1,0,10,CHECK,10,CHECK,1
9600,1,0,1,00010,2,01011,11,1@11,0,0,1,0,10,CHECK,10,CHECK,2
9650,0,0,1,00010,2,01011,11,1@11,0,0,1,0,10,CHECK,10,CHECK,2
9700,1,0,1,00011,3,01011,11,1@11,0,0,1,0,10,CHECK,10,CHECK,3
9750,0,0,1,00011,3,01011,11,1@11,0,0,1,0,10,CHECK,10,CHECK,3
9800,1,0,1,00100,4,01011,11,1@11,0,0,1,0,10,CHECK,10,CHECK,4
9850,0,0,1,00100,4,01011,11,1@11,0,0,1,0,10,CHECK,10,CHECK,4
9900,1,0,1,00101,5,01011,11,1@11,0,0,1,0,10,CHECK,10,CHECK,5
9950,0,0,1,00101,5,01011,11,1@11,0,0,1,0,10,CHECK,10,CHECK,5
10000,1,0,1,00110,6,01011,11,1@11,0,0,1,0,10,CHECK,10,CHECK,6
10050,0,0,1,00110,6,01011,11,1@11,0,0,1,0,10,CHECK,10,CHECK,6
10100,1,0,1,00111,7,01011,11,1@11,0,0,1,0,10,CHECK,10,CHECK,7
10150,0,0,1,00111,7,01011,11,1@11,0,0,1,0,10,CHECK,10,CHECK,7
10200,1,0,1,01000,8,01011,11,1@11,0,0,1,0,10,CHECK,10,CHECK,8
10250,0,0,1,01000,8,01011,11,1@11,0,0,1,0,10,CHECK,10,CHECK,8
10300,1,0,1,01001,9,01011,11,1@11,0,0,1,0,10,CHECK,10,CHECK,9
10350,0,0,1,01001,9,01011,11,1@11,0,0,1,0,10,CHECK,10,CHECK,9
10400,1,0,1,01010,10,01011,11,1@11,0,0,1,0,10,CHECK,10,CHECK,10
10450,0,0,1,01010,10,01011,11,1@11,0,0,1,0,10,CHECK,10,CHECK,10
10500,1,1,1,01011,11,01011,11,1@11,0,0,1,0,10,CHECK,01,IDLE,11
10550,0,1,1,01011,11,01011,11,1@11,0,0,1,0,10,CHECK,01,IDLE,11
10600,1,1,1,01011,11,01011,11,1@11,0,0,0,1,01,IDLE,01,IDLE,11
10650,0,1,1,01011,11,01100,12,1@12,0,0,1,1,01,IDLE,10,CHECK,11
10700,1,0,1,00000,0,01100,12,1@12,0,0,1,0,10,CHECK,10,CHECK,0
10750,0,0,1,00000,0,01100,12,1@12,0,0,1,0,10,CHECK,10,CHECK,0
10800,1,0,1,00001,1,01100,12,1@12,0,0,1,0,10,CHECK,10,CHECK,1
10850,0,0,1,00001,1,01100,12,1@12,0,0,1,0,10,CHECK,10,CHECK,1
10900,1,0,1,00010,2,01100,12,1@12,0,0,1,0,10,CHECK,10,CHECK,2
10950,0,0,1,00010,2,01100,12,1@12,0,0,1,0,10,CHECK,10,CHECK,2
11000,1,0,1,00011,3,01100,12,1@12,0,0,1,0,10,CHECK,10,CHECK,3
11050,0,0,1,00011,3,01100,12,1@12,0,0,1,0,10,CHECK,10,CHECK,3
11100,1,0,1,00100,4,01100,12,1@12,0,0,1,0,10,CHECK,10,CHECK,4
11150,0,0,1,00100,4,01100,12,1@12,0,0,1,0,10,CHECK,10,CHECK,4
11200,1,0,1,00101,5,01100,12,1@12,0,0,1,0,10,CHECK,10,CHECK,5
11250,0,0,1,00101,5,01100,12,1@12,0,0,1,0,10,CHECK,10,CHECK,5
11300,1,0,1,00110,6,01100,12,1@12,0,0,1,0,10,CHECK,10,CHECK,6
11350,0,0,1,00110,6,01100,12,1@12,0,0,1,0,10,CHECK,10,CHECK,6
11400,1,0,1,00111,7,01100,12,1@12,0,0,1,0,10,CHECK,10,CHECK,7
11450,0,0,1,00111,7,01100,12,1@12,0,0,1,0,10,CHECK,10,CHECK,7
11500,1,0,1,01000,8,01100,12,1@12,0,0,1,0,10,CHECK,10,CHECK,8
11550,0,0,1,01000,8,01100,12,1@12,0,0,1,0,10,CHECK,10,CHECK,8
11600,1,0,1,01001,9,01100,12,1@12,0,0,1,0,10,CHECK,10,CHECK,9
11650,0,0,1,01001,9,01100,12,1@12,0,0,1,0,10,CHECK,10,CHECK,9
11700,1,0,1,01010,10,01100,12,1@12,0,0,1,0,10,CHECK,10,CHECK,10
11750,0,0,1,01010,10,01100,12,1@12,0,0,1,0,10,CHECK,10,CHECK,10
11800,1,0,1,01011,11,01100,12,1@12,0,0,1,0,10,CHECK,10,CHECK,11
11850,0,0,1,01011,11,01100,12,1@12,0,0,1,0,10,CHECK,10,CHECK,11
11900,1,1,1,01100,12,01100,12,1@12,0,0,1,0,10,CHECK,01,IDLE,12
11950,0,1,1,01100,12,01100,12,1@12,0,0,1,0,10,CHECK,01,IDLE,12
12000,1,1,1,01100,12,01100,12,1@12,0,0,0,1,01,IDLE,01,IDLE,12
12050,0,1,1,01100,12,01101,13,1@13,0,0,1,1,01,IDLE,10,CHECK,12
12100,1,0,1,00000,0,01101,13,1@13,0,0,1,0,10,CHECK,10,CHECK,0
12150,0,0,1,00000,0,01101,13,1@13,0,0,1,0,10,CHECK,10,CHECK,0
12200,1,0,1,00001,1,01101,13,1@13,0,0,1,0,10,CHECK,10,CHECK,1
12250,0,0,1,00001,1,01101,13,1@13,0,0,1,0,10,CHECK,10,CHECK,1
12300,1,0,1,00010,2,01101,13,1@13,0,0,1,0,10,CHECK,10,CHECK,2
12350,0,0,1,00010,2,01101,13,1@13,0,0,1,0,10,CHECK,10,CHECK,2
12400,1,0,1,00011,3,01101,13,1@13,0,0,1,0,10,CHECK,10,CHECK,3
12450,0,0,1,00011,3,01101,13,1@13,0,0,1,0,10,CHECK,10,CHECK,3
12500,1,0,1,00100,4,01101,13,1@13,0,0,1,0,10,CHECK,10,CHECK,4
12550,0,0,1,00100,4,01101,13,1@13,0,0,1,0,10,CHECK,10,CHECK,4
12600,1,0,1,00101,5,01101,13,1@13,0,0,1,0,10,CHECK,10,CHECK,5
12650,0,0,1,00101,5,01101,13,1@13,0,0,1,0,10,CHECK,10,CHECK,5
12700,1,0,1,00110,6,01101,13,1@13,0,0,1,0,10,CHECK,10,CHECK,6
12750,0,0,1,00110,6,01101,13,1@13,0,0,1,0,10,CHECK,10,CHECK,6
12800,1,0,1,00111,7,01101,13,1@13,0,0,1,0,10,CHECK,10,CHECK,7
12850,0,0,1,00111,7,01101,13,1@13,0,0,1,0,10,CHECK,10,CHECK,7
12900,1,0,1,01000,8,01101,13,1@13,0,0,1,0,10,CHECK,10,CHECK,8
12950,0,0,1,01000,8,01101,13,1@13,0,0,1,0,10,CHECK,10,CHECK,8
13000,1,0,1,01001,9,01101,13,1@13,0,0,1,0,10,CHECK,10,CHECK,9
13050,0,0,1,01001,9,01101,13,1@13,0,0,1,0,10,CHECK,10,CHECK,9
13100,1,0,1,01010,10,01101,13,1@13,0,0,1,0,10,CHECK,10,CHECK,10
13150,0,0,1,01010,10,01101,13,1@13,0,0,1,0,10,CHECK,10,CHECK,10
13200,1,0,1,01011,11,01101,13,1@13,0,0,1,0,10,CHECK,10,CHECK,11
13250,0,0,1,01011,11,01101,13,1@13,0,0,1,0,10,CHECK,10,CHECK,11
13300,1,0,1,01100,12,01101,13,1@13,0,0,1,0,10,CHECK,10,CHECK,12
13350,0,0,1,01100,12,01101,13,1@13,0,0,1,0,10,CHECK,10,CHECK,12
13400,1,1,1,01101,13,01101,13,1@13,0,0,1,0,10,CHECK,01,IDLE,13
13450,0,1,1,01101,13,01101,13,1@13,0,0,1,0,10,CHECK,01,IDLE,13
13500,1,1,1,01101,13,01101,13,1@13,0,0,0,1,01,IDLE,01,IDLE,13
13550,0,1,1,01101,13,01110,14,1@14,0,0,1,1,01,IDLE,10,CHECK,13
13600,1,0,1,00000,0,01110,14,1@14,0,0,1,0,10,CHECK,10,CHECK,0
13650,0,0,1,00000,0,01110,14,1@14,0,0,0,0,10,CHECK,10,CHECK,0
13700,1,0,1,00001,1,01110,14,1@14,0,0,0,0,10,CHECK,10,CHECK,1
13750,0,0,1,00001,1,01110,14,1@14,0,0,0,0,10,CHECK,10,CHECK,1
13800,1,0,1,00010,2,01110,14,1@14,0,0,0,0,10,CHECK,10,CHECK,2
13850,0,0,1,00010,2,01110,14,1@14,0,0,0,0,10,CHECK,10,CHECK,2
13900,1,0,1,00011,3,01110,14,1@14,0,0,0,0,10,CHECK,10,CHECK,3
13950,0,0,1,00011,3,01110,14,1@14,0,0,0,0,10,CHECK,10,CHECK,3
14000,1,0,1,00100,4,01110,14,1@14,0,0,0,0,10,CHECK,10,CHECK,4
14050,0,0,1,00100,4,01110,14,1@14,0,0,0,0,10,CHECK,10,CHECK,4
14100,1,0,1,00101,5,01110,14,1@14,0,0,0,0,10,CHECK,10,CHECK,5
14150,0,0,1,00101,5,01110,14,1@14,0,0,0,0,10,CHECK,10,CHECK,5
14200,1,0,1,00110,6,01110,14,1@14,0,0,0,0,10,CHECK,10,CHECK,6
14250,0,0,1,00110,6,01110,14,1@14,0,0,0,0,10,CHECK,10,CHECK,6
14300,1,0,1,00111,7,01110,14,1@14,0,0,0,0,10,CHECK,10,CHECK,7
14350,0,0,1,00111,7,01110,14,1@14,0,0,0,0,10,CHECK,10,CHECK,7
14400,1,0,1,01000,8,01110,14,1@14,0,0,0,0,10,CHECK,10,CHECK,8
14450,0,0,1,01000,8,01110,14,1@14,0,0,0,0,10,CHECK,10,CHECK,8
14500,1,0,1,01001,9,01110,14,1@14,0,0,0,0,10,CHECK,10,CHECK,9
14550,0,0,1,01001,9,01110,14,1@14,0,0,0,0,10,CHECK,10,CHECK,9
14600,1,0,1,01010,10,01110,14,1@14,0,0,0,0,10,CHECK,10,CHECK,10
14650,0,0,1,01010,10,01110,14,1@14,0,0,0,0,10,CHECK,10,CHECK,10
14700,1,0,1,01011,11,01110,14,1@14,0,0,0,0,10,CHECK,10,CHECK,11
14750,0,0,1,01011,11,01110,14,1@14,0,0,0,0,10,CHECK,10,CHECK,11
14800,1,0,1,01100,12,01110,14,1@14,0,0,0,0,10,CHECK,10,CHECK,12
14850,0,0,1,01100,12,01110,14,1@14,0,0,0,0,10,CHECK,10,CHECK,12
14900,1,0,1,01101,13,01110,14,1@14,0,0,0,0,10,CHECK,10,CHECK,13
14950,0,0,1,01101,13,01110,14,1@14,0,0,0,0,10,CHECK,10,CHECK,13
15000,1,1,1,01110,14,01110,14,1@14,0,0,0,0,10,CHECK,01,IDLE,14
15050,0,1,1,01110,14,01110,14,1@14,0,0,0,0,10,CHECK,01,IDLE,14
15100,1,1,1,01110,14,01110,14,1@14,0,0,0,1,01,IDLE,01,IDLE,14
15150,0,1,1,01110,14,01111,15,1@15,0,0,1,1,01,IDLE,10,CHECK,14
15200,1,0,1,00000,0,01111,15,1@15,0,0,1,0,10,CHECK,10,CHECK,0
15250,0,0,1,00000,0,01111,15,1@15,0,0,0,0,10,CHECK,10,CHECK,0
15300,1,0,1,00001,1,01111,15,1@15,0,0,0,0,10,CHECK,10,CHECK,1
15350,0,0,1,00001,1,01111,15,1@15,0,0,0,0,10,CHECK,10,CHECK,1
15400,1,0,1,00010,2,01111,15,1@15,0,0,0,0,10,CHECK,10,CHECK,2
15450,0,0,1,00010,2,01111,15,1@15,0,0,0,0,10,CHECK,10,CHECK,2
15500,1,0,1,00011,3,01111,15,1@15,0,0,0,0,10,CHECK,10,CHECK,3
15550,0,0,1,00011,3,01111,15,1@15,0,0,0,0,10,CHECK,10,CHECK,3
15600,1,0,1,00100,4,01111,15,1@15,0,0,0,0,10,CHECK,10,CHECK,4
15650,0,0,1,00100,4,01111,15,1@15,0,0,0,0,10,CHECK,10,CHECK,4
15700,1,0,1,00101,5,01111,15,1@15,0,0,0,0,10,CHECK,10,CHECK,5
15750,0,0,1,00101,5,01111,15,1@15,0,0,0,0,10,CHECK,10,CHECK,5
15800,1,0,1,00110,6,01111,15,1@15,0,0,0,0,10,CHECK,10,CHECK,6
15850,0,0,1,00110,6,01111,15,1@15,0,0,0,0,10,CHECK,10,CHECK,6
15900,1,0,1,00111,7,01111,15,1@15,0,0,0,0,10,CHECK,10,CHECK,7
15950,0,0,1,00111,7,01111,15,1@15,0,0,0,0,10,CHECK,10,CHECK,7
16000,1,0,1,01000,8,01111,15,1@15,0,0,0,0,10,CHECK,10,CHECK,8
16050,0,0,1,01000,8,01111,15,1@15,0,0,0,0,10,CHECK,10,CHECK,8
16100,1,0,1,01001,9,01111,15,1@15,0,0,0,0,10,CHECK,10,CHECK,9
16150,0,0,1,01001,9,01111,15,1@15,0,0,0,0,10,CHECK,10,CHECK,9
16200,1,0,1,01010,10,01111,15,1@15,0,0,0,0,10,CHECK,10,CHECK,10
16250,0,0,1,01010,10,01111,15,1@15,0,0,0,0,10,CHECK,10,CHECK,10
16300,1,0,1,01011,11,01111,15,1@15,0,0,0,0,10,CHECK,10,CHECK,11
16350,0,0,1,01011,11,01111,15,1@15,0,0,0,0,10,CHECK,10,CHECK,11
16400,1,0,1,01100,12,01111,15,1@15,0,0,0,0,10,CHECK,10,CHECK,12
16450,0,0,1,01100,12,01111,15,1@15,0,0,0,0,10,CHECK,10,CHECK,12
16500,1,0,1,01101,13,01111,15,1@15,0,0,0,0,10,CHECK,10,CHECK,13
16550,0,0,1,01101,13,01111,15,1@15,0,0,0,0,10,CHECK,10,CHECK,13
16600,1,0,1,01110,14,01111,15,1@15,0,0,0,0,10,CHECK,10,CHECK,14
16650,0,0,1,01110,14,01111,15,1@15,0,0,0,0,10,CHECK,10,CHECK,14
16700,1,1,1,01111,15,01111,15,1@15,0,0,0,0,10,CHECK,01,IDLE,15
16750,0,1,1,01111,15,01111,15,1@15,0,0,0,0,10,CHECK,01,IDLE,15
16800,1,1,1,01111,15,01111,15,1@15,0,0,0,1,01,IDLE,01,IDLE,15
16850,0,1,1,01111,15,10000,16,1@16,0,0,1,1,01,IDLE,10,CHECK,15
16900,1,0,1,00000,0,10000,16,1@16,0,0,1,0,10,CHECK,10,CHECK,0
16950,0,0,1,00000,0,10000,16,1@16,0,0,1,0,10,CHECK,10,CHECK,0
17000,1,0,1,00001,1,10000,16,1@16,0,0,1,0,10,CHECK,10,CHECK,1
17050,0,0,1,00001,1,10000,16,1@16,0,0,1,0,10,CHECK,10,CHECK,1
17100,1,0,1,00010,2,10000,16,1@16,0,0,1,0,10,CHECK,10,CHECK,2
17150,0,0,1,00010,2,10000,16,1@16,0,0,1,0,10,CHECK,10,CHECK,2
17200,1,0,1,00011,3,10000,16,1@16,0,0,1,0,10,CHECK,10,CHECK,3
17250,0,0,1,00011,3,10000,16,1@16,0,0,1,0,10,CHECK,10,CHECK,3
17300,1,0,1,00100,4,10000,16,1@16,0,0,1,0,10,CHECK,10,CHECK,4
17350,0,0,1,00100,4,10000,16,1@16,0,0,1,0,10,CHECK,10,CHECK,4
17400,1,0,1,00101,5,10000,16,1@16,0,0,1,0,10,CHECK,10,CHECK,5
17450,0,0,1,00101,5,10000,16,1@16,0,0,1,0,10,CHECK,10,CHECK,5
17500,1,0,1,00110,6,10000,16,1@16,0,0,1,0,10,CHECK,10,CHECK,6
17550,0,0,1,00110,6,10000,16,1@16,0,0,1,0,10,CHECK,10,CHECK,6
17600,1,0,1,00111,7,10000,16,1@16,0,0,1,0,10,CHECK,10,CHECK,7
17650,0,0,1,00111,7,10000,16,1@16,0,0,1,0,10,CHECK,10,CHECK,7
17700,1,0,1,01000,8,10000,16,1@16,0,0,1,0,10,CHECK,10,CHECK,8
17750,0,0,1,01000,8,10000,16,1@16,0,0,1,0,10,CHECK,10,CHECK,8
17800,1,0,1,01001,9,10000,16,1@16,0,0,1,0,10,CHECK,10,CHECK,9
17850,0,0,1,01001,9,10000,16,1@16,0,0,1,0,10,CHECK,10,CHECK,9
17900,1,0,1,01010,10,10000,16,1@16,0,0,1,0,10,CHECK,10,CHECK,10
17950,0,0,1,01010,10,10000,16,1@16,0,0,1,0,10,CHECK,10,CHECK,10
18000,1,0,1,01011,11,10000,16,1@16,0,0,1,0,10,CHECK,10,CHECK,11
18050,0,0,1,01011,11,10000,16,1@16,0,0,1,0,10,CHECK,10,CHECK,11
18100,1,0,1,01100,12,10000,16,1@16,0,0,1,0,10,CHECK,10,CHECK,12
18150,0,0,1,01100,12,10000,16,1@16,0,0,1,0,10,CHECK,10,CHECK,12
18200,1,0,1,01101,13,10000,16,1@16,0,0,1,0,10,CHECK,10,CHECK,13
18250,0,0,1,01101,13,10000,16,1@16,0,0,1,0,10,CHECK,10,CHECK,13
18300,1,0,1,01110,14,10000,16,1@16,0,0,1,0,10,CHECK,10,CHECK,14
18350,0,0,1,01110,14,10000,16,1@16,0,0,1,0,10,CHECK,10,CHECK,14
18400,1,0,1,01111,15,10000,16,1@16,0,0,1,0,10,CHECK,10,CHECK,15
18450,0,0,1,01111,15,10000,16,1@16,0,0,1,0,10,CHECK,10,CHECK,15
18500,1,1,1,10000,16,10000,16,1@16,0,0,1,0,10,CHECK,01,IDLE,16
18550,0,1,1,10000,16,10000,16,1@16,0,0,1,0,10,CHECK,01,IDLE,16
18600,1,1,1,10000,16,10000,16,1@16,0,0,0,1,01,IDLE,01,IDLE,16
18650,0,1,1,10000,16,10001,17,1@17,0,0,0,1,01,IDLE,01,IDLE,16
18700,1,1,1,10000,16,10001,17,1@17,0,0,0,1,01,IDLE,01,IDLE,16
18750,0,1,1,10000,16,10001,17,1@17,0,0,1,1,01,IDLE,10,CHECK,16
18800,1,0,1,00000,0,10001,17,1@17,0,0,1,0,10,CHECK,10,CHECK,0
18850,0,0,1,00000,0,10001,17,1@17,0,0,1,0,10,CHECK,10,CHECK,0
18900,1,0,1,00001,1,10001,17,1@17,0,0,1,0,10,CHECK,10,CHECK,1
18950,0,0,1,00001,1,10001,17,1@17,0,0,1,0,10,CHECK,10,CHECK,1
19000,1,0,1,00010,2,10001,17,1@17,0,0,1,0,10,CHECK,10,CHECK,2
19050,0,0,1,00010,2,10001,17,1@17,0,0,1,0,10,CHECK,10,CHECK,2
19100,1,0,1,00011,3,10001,17,1@17,0,0,1,0,10,CHECK,10,CHECK,3
19150,0,0,1,00011,3,10001,17,1@17,0,0,1,0,10,CHECK,10,CHECK,3
19200,1,0,1,00100,4,10001,17,1@17,0,0,1,0,10,CHECK,10,CHECK,4
19250,0,0,1,00100,4,10001,17,1@17,0,0,1,0,10,CHECK,10,CHECK,4
19300,1,0,1,00101,5,10001,17,1@17,0,0,1,0,10,CHECK,10,CHECK,5
19350,0,0,1,00101,5,10001,17,1@17,0,0,1,0,10,CHECK,10,CHECK,5
19400,1,0,1,00110,6,10001,17,1@17,0,0,1,0,10,CHECK,10,CHECK,6
19450,0,0,1,00110,6,10001,17,1@17,0,0,1,0,10,CHECK,10,CHECK,6
19500,1,0,1,00111,7,10001,17,1@17,0,0,1,0,10,CHECK,10,CHECK,7
19550,0,0,1,00111,7,10001,17,1@17,0,0,1,0,10,CHECK,10,CHECK,7
19600,1,0,1,01000,8,10001,17,1@17,0,0,1,0,10,CHECK,10,CHECK,8
19650,0,0,1,01000,8,10001,17,1@17,0,0,1,0,10,CHECK,10,CHECK,8
19700,1,0,1,01001,9,10001,17,1@17,0,0,1,0,10,CHECK,10,CHECK,9
19750,0,0,1,01001,9,10001,17,1@17,0,0,1,0,10,CHECK,10,CHECK,9
19800,1,0,1,01010,10,10001,17,1@17,0,0,1,0,10,CHECK,10,CHECK,10
19850,0,0,1,01010,10,10001,17,1@17,0,0,1,0,10,CHECK,10,CHECK,10
19900,1,0,1,01011,11,10001,17,1@17,0,0,1,0,10,CHECK,10,CHECK,11
19950,0,0,1,01011,11,10001,17,1@17,0,0,1,0,10,CHECK,10,CHECK,11
20000,1,0,1,01100,12,10001,17,1@17,0,0,1,0,10,CHECK,10,CHECK,12
20050,0,0,1,01100,12,10001,17,1@17,0,0,1,0,10,CHECK,10,CHECK,12
20100,1,0,1,01101,13,10001,17,1@17,0,0,1,0,10,CHECK,10,CHECK,13
20150,0,0,1,01101,13,10001,17,1@17,0,0,1,0,10,CHECK,10,CHECK,13
20200,1,0,1,01110,14,10001,17,1@17,0,0,1,0,10,CHECK,10,CHECK,14
20250,0,0,1,01110,14,10001,17,1@17,0,0,1,0,10,CHECK,10,CHECK,14
20300,1,0,1,01111,15,10001,17,1@17,0,0,1,0,10,CHECK,10,CHECK,15
20350,0,0,1,01111,15,10001,17,1@17,0,0,1,0,10,CHECK,10,CHECK,15
20400,1,0,1,10000,16,10001,17,1@17,0,0,1,0,10,CHECK,10,CHECK,16
20450,0,0,1,10000,16,10001,17,1@17,0,0,1,0,10,CHECK,10,CHECK,16
20500,1,1,1,10001,17,10001,17,1@17,0,0,1,0,10,CHECK,01,IDLE,17
20550,0,1,1,10001,17,10001,17,1@17,0,0,1,0,10,CHECK,01,IDLE,17
20600,1,1,1,10001,17,10001,17,1@17,0,0,0,1,01,IDLE,01,IDLE,17
20650,0,1,1,10001,17,10010,18,1@18,0,0,1,1,01,IDLE,10,CHECK,17
20700,1,0,1,00000,0,10010,18,1@18,0,0,1,0,10,CHECK,10,CHECK,0
20750,0,0,1,00000,0,10010,18,1@18,0,0,1,0,10,CHECK,10,CHECK,0
20800,1,0,1,00001,1,10010,18,1@18,0,0,1,0,10,CHECK,10,CHECK,1
20850,0,0,1,00001,1,10010,18,1@18,0,0,1,0,10,CHECK,10,CHECK,1
20900,1,0,1,00010,2,10010,18,1@18,0,0,1,0,10,CHECK,10,CHECK,2
20950,0,0,1,00010,2,10010,18,1@18,0,0,1,0,10,CHECK,10,CHECK,2
21000,1,0,1,00011,3,10010,18,1@18,0,0,1,0,10,CHECK,10,CHECK,3
21050,0,0,1,00011,3,10010,18,1@18,0,0,1,0,10,CHECK,10,CHECK,3
21100,1,0,1,00100,4,10010,18,1@18,0,0,1,0,10,CHECK,10,CHECK,4
21150,0,0,1,00100,4,10010,18,1@18,0,0,1,0,10,CHECK,10,CHECK,4
21200,1,0,1,00101,5,10010,18,1@18,0,0,1,0,10,CHECK,10,CHECK,5
21250,0,0,1,00101,5,10010,18,1@18,0,0,1,0,10,CHECK,10,CHECK,5
21300,1,0,1,00110,6,10010,18,1@18,0,0,1,0,10,CHECK,10,CHECK,6
21350,0,0,1,00110,6,10010,18,1@18,0,0,1,0,10,CHECK,10,CHECK,6
21400,1,0,1,00111,7,10010,18,1@18,0,0,1,0,10,CHECK,10,CHECK,7
21450,0,0,1,00111,7,10010,18,1@18,0,0,1,0,10,CHECK,10,CHECK,7
21500,1,0,1,01000,8,10010,18,1@18,0,0,1,0,10,CHECK,10,CHECK,8
21550,0,0,1,01000,8,10010,18,1@18,0,0,1,0,10,CHECK,10,CHECK,8
21600,1,0,1,01001,9,10010,18,1@18,0,0,1,0,10,CHECK,10,CHECK,9
21650,0,0,1,01001,9,10010,18,1@18,0,0,1,0,10,CHECK,10,CHECK,9
21700,1,0,1,01010,10,10010,18,1@18,0,0,1,0,10,CHECK,10,CHECK,10
21750,0,0,1,01010,10,10010,18,1@18,0,0,1,0,10,CHECK,10,CHECK,10
21800,1,0,1,01011,11,10010,18,1@18,0,0,1,0,10,CHECK,10,CHECK,11
21850,0,0,1,01011,11,10010,18,1@18,0,0,1,0,10,CHECK,10,CHECK,11
21900,1,0,1,01100,12,10010,18,1@18,0,0,1,0,10,CHECK,10,CHECK,12
21950,0,0,1,01100,12,10010,18,1@18,0,0,1,0,10,CHECK,10,CHECK,12
22000,1,0,1,01101,13,10010,18,1@18,0,0,1,0,10,CHECK,10,CHECK,13
22050,0,0,1,01101,13,10010,18,1@18,0,0,1,0,10,CHECK,10,CHECK,13
22100,1,0,1,01110,14,10010,18,1@18,0,0,1,0,10,CHECK,10,CHECK,14
22150,0,0,1,01110,14,10010,18,1@18,0,0,1,0,10,CHECK,10,CHECK,14
22200,1,0,1,01111,15,10010,18,1@18,0,0,1,0,10,CHECK,10,CHECK,15
22250,0,0,1,01111,15,10010,18,1@18,0,0,1,0,10,CHECK,10,CHECK,15
22300,1,0,1,10000,16,10010,18,1@18,0,0,1,0,10,CHECK,10,CHECK,16
22350,0,0,1,10000,16,10010,18,1@18,0,0,1,0,10,CHECK,10,CHECK,16
22400,1,0,1,10001,17,10010,18,1@18,0,0,1,0,10,CHECK,10,CHECK,17
22450,0,0,1,10001,17,10010,18,1@18,0,0,1,0,10,CHECK,10,CHECK,17
22500,1,1,1,10010,18,10010,18,1@18,0,0,1,0,10,CHECK,01,IDLE,18
22550,0,1,1,10010,18,10010,18,1@18,0,0,1,0,10,CHECK,01,IDLE,18
22600,1,1,1,10010,18,10010,18,1@18,0,0,0,1,01,IDLE,01,IDLE,18
22650,0,1,1,10010,18,10011,19,1@19,0,0,1,1,01,IDLE,10,CHECK,18
22700,1,0,1,00000,0,10011,19,1@19,0,0,1,0,10,CHECK,10,CHECK,0
22750,0,0,1,00000,0,10011,19,1@19,0,0,0,0,10,CHECK,10,CHECK,0
22800,1,0,1,00001,1,10011,19,1@19,0,0,0,0,10,CHECK,10,CHECK,1
22850,0,0,1,00001,1,10011,19,1@19,0,0,0,0,10,CHECK,10,CHECK,1
22900,1,0,1,00010,2,10011,19,1@19,0,0,0,0,10,CHECK,10,CHECK,2
22950,0,0,1,00010,2,10011,19,1@19,0,0,0,0,10,CHECK,10,CHECK,2
23000,1,0,1,00011,3,10011,19,1@19,0,0,0,0,10,CHECK,10,CHECK,3
23050,0,0,1,00011,3,10011,19,1@19,0,0,0,0,10,CHECK,10,CHECK,3
23100,1,0,1,00100,4,10011,19,1@19,0,0,0,0,10,CHECK,10,CHECK,4
23150,0,0,1,00100,4,10011,19,1@19,0,0,0,0,10,CHECK,10,CHECK,4
23200,1,0,1,00101,5,10011,19,1@19,0,0,0,0,10,CHECK,10,CHECK,5
23250,0,0,1,00101,5,10011,19,1@19,0,0,0,0,10,CHECK,10,CHECK,5
23300,1,0,1,00110,6,10011,19,1@19,0,0,0,0,10,CHECK,10,CHECK,6
23350,0,0,1,00110,6,10011,19,1@19,0,0,0,0,10,CHECK,10,CHECK,6
23400,1,0,1,00111,7,10011,19,1@19,0,0,0,0,10,CHECK,10,CHECK,7
23450,0,0,1,00111,7,10011,19,1@19,0,0,0,0,10,CHECK,10,CHECK,7
23500,1,0,1,01000,8,10011,19,1@19,0,0,0,0,10,CHECK,10,CHECK,8
23550,0,0,1,01000,8,10011,19,1@19,0,0,0,0,10,CHECK,10,CHECK,8
23600,1,0,1,01001,9,10011,19,1@19,0,0,0,0,10,CHECK,10,CHECK,9
23650,0,0,1,01001,9,10011,19,1@19,0,0,0,0,10,CHECK,10,CHECK,9
23700,1,0,1,01010,10,10011,19,1@19,0,0,0,0,10,CHECK,10,CHECK,10
23750,0,0,1,01010,10,10011,19,1@19,0,0,0,0,10,CHECK,10,CHECK,10
23800,1,0,1,01011,11,10011,19,1@19,0,0,0,0,10,CHECK,10,CHECK,11
23850,0,0,1,01011,11,10011,19,1@19,0,0,0,0,10,CHECK,10,CHECK,11
23900,1,0,1,01100,12,10011,19,1@19,0,0,0,0,10,CHECK,10,CHECK,12
23950,0,0,1,01100,12,10011,19,1@19,0,0,0,0,10,CHECK,10,CHECK,12
24000,1,0,1,01101,13,10011,19,1@19,0,0,0,0,10,CHECK,10,CHECK,13
24050,0,0,1,01101,13,10011,19,1@19,0,0,0,0,10,CHECK,10,CHECK,13
24100,1,0,1,01110,14,10011,19,1@19,0,0,0,0,10,CHECK,10,CHECK,14
24150,0,0,1,01110,14,10011,19,1@19,0,0,0,0,10,CHECK,10,CHECK,14
24200,1,0,1,01111,15,10011,19,1@19,0,0,0,0,10,CHECK,10,CHECK,15
24250,0,0,1,01111,15,10011,19,1@19,0,0,0,0,10,CHECK,10,CHECK,15
24300,1,0,1,10000,16,10011,19,1@19,0,0,0,0,10,CHECK,10,CHECK,16
24350,0,0,1,10000,16,10011,19,1@19,0,0,0,0,10,CHECK,10,CHECK,16
24400,1,0,1,10001,17,10011,19,1@19,0,0,0,0,10,CHECK,10,CHECK,17
24450,0,0,1,10001,17,10011,19,1@19,0,0,0,0,10,CHECK,10,CHECK,17
24500,1,0,1,10010,18,10011,19,1@19,0,0,0,0,10,CHECK,10,CHECK,18
24550,0,0,1,10010,18,10011,19,1@19,0,0,0,0,10,CHECK,10,CHECK,18
24600,1,1,1,10011,19,10011,19,1@19,0,0,0,0,10,CHECK,01,IDLE,19
24650,0,1,1,10011,19,10011,19,1@19,0,0,0,0,10,CHECK,01,IDLE,19
24700,1,1,1,10011,19,10011,19,1@19,0,0,0,1,01,IDLE,01,IDLE,19
24750,0,1,1,10011,19,10100,20,1@20,0,0,1,1,01,IDLE,10,CHECK,19
24800,1,0,1,00000,0,10100,20,1@20,0,0,1,0,10,CHECK,10,CHECK,0
24850,0,0,1,00000,0,10100,20,1@20,0,0,0,0,10,CHECK,10,CHECK,0
24900,1,0,1,00001,1,10100,20,1@20,0,0,0,0,10,CHECK,10,CHECK,1
24950,0,0,1,00001,1,10100,20,1@20,0,0,0,0,10,CHECK,10,CHECK,1
25000,1,0,1,00010,2,10100,20,1@20,0,0,0,0,10,CHECK,10,CHECK,2
25050,0,0,1,00010,2,10100,20,1@20,0,0,0,0,10,CHECK,10,CHECK,2
25100,1,0,1,00011,3,10100,20,1@20,0,0,0,0,10,CHECK,10,CHECK,3
25150,0,0,1,00011,3,10100,20,1@20,0,0,0,0,10,CHECK,10,CHECK,3
25200,1,0,1,00100,4,10100,20,1@20,0,0,0,0,10,CHECK,10,CHECK,4
25250,0,0,1,00100,4,10100,20,1@20,0,0,0,0,10,CHECK,10,CHECK,4
25300,1,0,1,00101,5,10100,20,1@20,0,0,0,0,10,CHECK,10,CHECK,5
25350,0,0,1,00101,5,10100,20,1@20,0,0,0,0,10,CHECK,10,CHECK,5
25400,1,0,1,00110,6,10100,20,1@20,0,0,0,0,10,CHECK,10,CHECK,6
25450,0,0,1,00110,6,10100,20,1@20,0,0,0,0,10,CHECK,10,CHECK,6
25500,1,0,1,00111,7,10100,20,1@20,0,0,0,0,10,CHECK,10,CHECK,7
25550,0,0,1,00111,7,10100,20,1@20,0,0,0,0,10,CHECK,10,CHECK,7
25600,1,0,1,01000,8,10100,20,1@20,0,0,0,0,10,CHECK,10,CHECK,8
25650,0,0,1,01000,8,10100,20,1@20,0,0,0,0,10,CHECK,10,CHECK,8
25700,1,0,1,01001,9,10100,20,1@20,0,0,0,0,10,CHECK,10,CHECK,9
25750,0,0,1,01001,9,10100,20,1@20,0,0,0,0,10,CHECK,10,CHECK,9
25800,1,0,1,01010,10,10100,20,1@20,0,0,0,0,10,CHECK,10,CHECK,10
25850,0,0,1,01010,10,10100,20,1@20,0,0,0,0,10,CHECK,10,CHECK,10
25900,1,0,1,01011,11,10100,20,1@20,0,0,0,0,10,CHECK,10,CHECK,11
25950,0,0,1,01011,11,10100,20,1@20,0,0,0,0,10,CHECK,10,CHECK,11
26000,1,0,1,01100,12,10100,20,1@20,0,0,0,0,10,CHECK,10,CHECK,12
26050,0,0,1,01100,12,10100,20,1@20,0,0,0,0,10,CHECK,10,CHECK,12
26100,1,0,1,01101,13,10100,20,1@20,0,0,0,0,10,CHECK,10,CHECK,13
26150,0,0,1,01101,13,10100,20,1@20,0,0,0,0,10,CHECK,10,CHECK,13
26200,1,0,1,01110,14,10100,20,1@20,0,0,0,0,10,CHECK,10,CHECK,14
26250,0,0,1,01110,14,10100,20,1@20,0,0,0,0,10,CHECK,10,CHECK,14
26300,1,0,1,01111,15,10100,20,1@20,0,0,0,0,10,CHECK,10,CHECK,15
26350,0,0,1,01111,15,10100,20,1@20,0,0,0,0,10,CHECK,10,CHECK,15
26400,1,0,1,10000,16,10100,20,1@20,0,0,0,0,10,CHECK,10,CHECK,16
26450,0,0,1,10000,16,10100,20,1@20,0,0,0,0,10,CHECK,10,CHECK,16
26500,1,0,1,10001,17,10100,20,1@20,0,0,0,0,10,CHECK,10,CHECK,17
26550,0,0,1,10001,17,10100,20,1@20,0,0,0,0,10,CHECK,10,CHECK,17
26600,1,0,1,10010,18,10100,20,1@20,0,0,0,0,10,CHECK,10,CHECK,18
26650,0,0,1,10010,18,10100,20,1@20,0,0,0,0,10,CHECK,10,CHECK,18
26700,1,0,1,10011,19,10100,20,1@20,0,0,0,0,10,CHECK,10,CHECK,19
26750,0,0,1,10011,19,10100,20,1@20,0,0,0,0,10,CHECK,10,CHECK,19
26800,1,1,1,10100,20,10100,20,1@20,0,0,0,0,10,CHECK,01,IDLE,20
26850,0,1,1,10100,20,10100,20,1@20,0,0,0,0,10,CHECK,01,IDLE,20
26900,1,1,1,10100,20,10100,20,1@20,0,0,0,1,01,IDLE,01,IDLE,20
26950,0,1,1,10100,20,10101,21,1@21,0,0,1,1,01,IDLE,10,CHECK,20
27000,1,0,1,00000,0,10101,21,1@21,0,0,1,0,10,CHECK,10,CHECK,0
27050,0,0,1,00000,0,10101,21,1@21,0,0,1,0,10,CHECK,10,CHECK,0
27100,1,0,1,00001,1,10101,21,1@21,0,0,1,0,10,CHECK,10,CHECK,1
27150,0,0,1,00001,1,10101,21,1@21,0,0,1,0,10,CHECK,10,CHECK,1
27200,1,0,1,00010,2,10101,21,1@21,0,0,1,0,10,CHECK,10,CHECK,2
27250,0,0,1,00010,2,10101,21,1@21,0,0,1,0,10,CHECK,10,CHECK,2
27300,1,0,1,00011,3,10101,21,1@21,0,0,1,0,10,CHECK,10,CHECK,3
27350,0,0,1,00011,3,10101,21,1@21,0,0,1,0,10,CHECK,10,CHECK,3
27400,1,0,1,00100,4,10101,21,1@21,0,0,1,0,10,CHECK,10,CHECK,4
27450,0,0,1,00100,4,10101,21,1@21,0,0,1,0,10,CHECK,10,CHECK,4
27500,1,0,1,00101,5,10101,21,1@21,0,0,1,0,10,CHECK,10,CHECK,5
27550,0,0,1,00101,5,10101,21,1@21,0,0,1,0,10,CHECK,10,CHECK,5
27600,1,0,1,00110,6,10101,21,1@21,0,0,1,0,10,CHECK,10,CHECK,6
27650,0,0,1,00110,6,10101,21,1@21,0,0,1,0,10,CHECK,10,CHECK,6
27700,1,0,1,00111,7,10101,21,1@21,0,0,1,0,10,CHECK,10,CHECK,7
27750,0,0,1,00111,7,10101,21,1@21,0,0,1,0,10,CHECK,10,CHECK,7
27800,1,0,1,01000,8,10101,21,1@21,0,0,1,0,10,CHECK,10,CHECK,8
27850,0,0,1,01000,8,10101,21,1@21,0,0,1,0,10,CHECK,10,CHECK,8
27900,1,0,1,01001,9,10101,21,1@21,0,0,1,0,10,CHECK,10,CHECK,9
27950,0,0,1,01001,9,10101,21,1@21,0,0,1,0,10,CHECK,10,CHECK,9
28000,1,0,1,01010,10,10101,21,1@21,0,0,1,0,10,CHECK,10,CHECK,10
28050,0,0,1,01010,10,10101,21,1@21,0,0,1,0,10,CHECK,10,CHECK,10
28100,1,0,1,01011,11,10101,21,1@21,0,0,1,0,10,CHECK,10,CHECK,11
28150,0,0,1,01011,11,10101,21,1@21,0,0,1,0,10,CHECK,10,CHECK,11
28200,1,0,1,01100,12,10101,21,1@21,0,0,1,0,10,CHECK,10,CHECK,12
28250,0,0,1,01100,12,10101,21,1@21,0,0,1,0,10,CHECK,10,CHECK,12
28300,1,0,1,01101,13,10101,21,1@21,0,0,1,0,10,CHECK,10,CHECK,13
28350,0,0,1,01101,13,10101,21,1@21,0,0,1,0,10,CHECK,10,CHECK,13
28400,1,0,1,01110,14,10101,21,1@21,0,0,1,0,10,CHECK,10,CHECK,14
28450,0,0,1,01110,14,10101,21,1@21,0,0,1,0,10,CHECK,10,CHECK,14
28500,1,0,1,01111,15,10101,21,1@21,0,0,1,0,10,CHECK,10,CHECK,15
28550,0,0,1,01111,15,10101,21,1@21,0,0,1,0,10,CHECK,10,CHECK,15
28600,1,0,1,10000,16,10101,21,1@21,0,0,1,0,10,CHECK,10,CHECK,16
28650,0,0,1,10000,16,10101,21,1@21,0,0,1,0,10,CHECK,10,CHECK,16
28700,1,0,1,10001,17,10101,21,1@21,0,0,1,0,10,CHECK,10,CHECK,17
28750,0,0,1,10001,17,10101,21,1@21,0,0,1,0,10,CHECK,10,CHECK,17
28800,1,0,1,10010,18,10101,21,1@21,0,0,1,0,10,CHECK,10,CHECK,18
28850,0,0,1,10010,18,10101,21,1@21,0,0,1,0,10,CHECK,10,CHECK,18
28900,1,0,1,10011,19,10101,21,1@21,0,0,1,0,10,CHECK,10,CHECK,19
28950,0,0,1,10011,19,10101,21,1@21,0,0,1,0,10,CHECK,10,CHECK,19
29000,1,0,1,10100,20,10101,21,1@21,0,0,1,0,10,CHECK,10,CHECK,20
29050,0,0,1,10100,20,10101,21,1@21,0,0,1,0,10,CHECK,10,CHECK,20
29100,1,1,1,10101,21,10101,21,1@21,0,0,1,0,10,CHECK,01,IDLE,21
29150,0,1,1,10101,21,10101,21,1@21,0,0,1,0,10,CHECK,01,IDLE,21
29200,1,1,1,10101,21,10101,21,1@21,0,0,0,1,01,IDLE,01,IDLE,21
29250,0,1,1,10101,21,10110,22,1@22,0,0,1,1,01,IDLE,10,CHECK,21
29300,1,0,1,00000,0,10110,22,1@22,0,0,1,0,10,CHECK,10,CHECK,0
29350,0,0,1,00000,0,10110,22,1@22,0,0,0,0,10,CHECK,10,CHECK,0
29400,1,0,1,00001,1,10110,22,1@22,0,0,0,0,10,CHECK,10,CHECK,1
29450,0,0,1,00001,1,10110,22,1@22,0,0,0,0,10,CHECK,10,CHECK,1
29500,1,0,1,00010,2,10110,22,1@22,0,0,0,0,10,CHECK,10,CHECK,2
29550,0,0,1,00010,2,10110,22,1@22,0,0,0,0,10,CHECK,10,CHECK,2
29600,1,0,1,00011,3,10110,22,1@22,0,0,0,0,10,CHECK,10,CHECK,3
29650,0,0,1,00011,3,10110,22,1@22,0,0,0,0,10,CHECK,10,CHECK,3
29700,1,0,1,00100,4,10110,22,1@22,0,0,0,0,10,CHECK,10,CHECK,4
29750,0,0,1,00100,4,10110,22,1@22,0,0,0,0,10,CHECK,10,CHECK,4
29800,1,0,1,00101,5,10110,22,1@22,0,0,0,0,10,CHECK,10,CHECK,5
29850,0,0,1,00101,5,10110,22,1@22,0,0,0,0,10,CHECK,10,CHECK,5
29900,1,0,1,00110,6,10110,22,1@22,0,0,0,0,10,CHECK,10,CHECK,6
29950,0,0,1,00110,6,10110,22,1@22,0,0,0,0,10,CHECK,10,CHECK,6
30000,1,0,1,00111,7,10110,22,1@22,0,0,0,0,10,CHECK,10,CHECK,7
30050,0,0,1,00111,7,10110,22,1@22,0,0,0,0,10,CHECK,10,CHECK,7
30100,1,0,1,01000,8,10110,22,1@22,0,0,0,0,10,CHECK,10,CHECK,8
30150,0,0,1,01000,8,10110,22,1@22,0,0,0,0,10,CHECK,10,CHECK,8
30200,1,0,1,01001,9,10110,22,1@22,0,0,0,0,10,CHECK,10,CHECK,9
30250,0,0,1,01001,9,10110,22,1@22,0,0,0,0,10,CHECK,10,CHECK,9
30300,1,0,1,01010,10,10110,22,1@22,0,0,0,0,10,CHECK,10,CHECK,10
30350,0,0,1,01010,10,10110,22,1@22,0,0,0,0,10,CHECK,10,CHECK,10
30400,1,0,1,01011,11,10110,22,1@22,0,0,0,0,10,CHECK,10,CHECK,11
30450,0,0,1,01011,11,10110,22,1@22,0,0,0,0,10,CHECK,10,CHECK,11
30500,1,0,1,01100,12,10110,22,1@22,0,0,0,0,10,CHECK,10,CHECK,12
30550,0,0,1,01100,12,10110,22,1@22,0,0,0,0,10,CHECK,10,CHECK,12
30600,1,0,1,01101,13,10110,22,1@22,0,0,0,0,10,CHECK,10,CHECK,13
30650,0,0,1,01101,13,10110,22,1@22,0,0,0,0,10,CHECK,10,CHECK,13
30700,1,0,1,01110,14,10110,22,1@22,0,0,0,0,10,CHECK,10,CHECK,14
30750,0,0,1,01110,14,10110,22,1@22,0,0,0,0,10,CHECK,10,CHECK,14
30800,1,0,1,01111,15,10110,22,1@22,0,0,0,0,10,CHECK,10,CHECK,15
30850,0,0,1,01111,15,10110,22,1@22,0,0,0,0,10,CHECK,10,CHECK,15
30900,1,0,1,10000,16,10110,22,1@22,0,0,0,0,10,CHECK,10,CHECK,16
30950,0,0,1,10000,16,10110,22,1@22,0,0,0,0,10,CHECK,10,CHECK,16
31000,1,0,1,10001,17,10110,22,1@22,0,0,0,0,10,CHECK,10,CHECK,17
31050,0,0,1,10001,17,10110,22,1@22,0,0,0,0,10,CHECK,10,CHECK,17
31100,1,0,1,10010,18,10110,22,1@22,0,0,0,0,10,CHECK,10,CHECK,18
31150,0,0,1,10010,18,10110,22,1@22,0,0,0,0,10,CHECK,10,CHECK,18
31200,1,0,1,10011,19,10110,22,1@22,0,0,0,0,10,CHECK,10,CHECK,19
31250,0,0,1,10011,19,10110,22,1@22,0,0,0,0,10,CHECK,10,CHECK,19
31300,1,0,1,10100,20,10110,22,1@22,0,0,0,0,10,CHECK,10,CHECK,20
31350,0,0,1,10100,20,10110,22,1@22,0,0,0,0,10,CHECK,10,CHECK,20
31400,1,0,1,10101,21,10110,22,1@22,0,0,0,0,10,CHECK,10,CHECK,21
31450,0,0,1,10101,21,10110,22,1@22,0,0,0,0,10,CHECK,10,CHECK,21
31500,1,1,1,10110,22,10110,22,1@22,0,0,0,0,10,CHECK,01,IDLE,22
31550,0,1,1,10110,22,10110,22,1@22,0,0,0,0,10,CHECK,01,IDLE,22
31600,1,1,1,10110,22,10110,22,1@22,0,0,0,1,01,IDLE,01,IDLE,22
31650,0,1,1,10110,22,10111,23,1@23,0,0,1,1,01,IDLE,10,CHECK,22
31700,1,0,1,00000,0,10111,23,1@23,0,0,1,0,10,CHECK,10,CHECK,0
31750,0,0,1,00000,0,10111,23,1@23,0,0,0,0,10,CHECK,10,CHECK,0
31800,1,0,1,00001,1,10111,23,1@23,0,0,0,0,10,CHECK,10,CHECK,1
31850,0,0,1,00001,1,10111,23,1@23,0,0,0,0,10,CHECK,10,CHECK,1
31900,1,0,1,00010,2,10111,23,1@23,0,0,0,0,10,CHECK,10,CHECK,2
31950,0,0,1,00010,2,10111,23,1@23,0,0,0,0,10,CHECK,10,CHECK,2
32000,1,0,1,00011,3,10111,23,1@23,0,0,0,0,10,CHECK,10,CHECK,3
32050,0,0,1,00011,3,10111,23,1@23,0,0,0,0,10,CHECK,10,CHECK,3
32100,1,0,1,00100,4,10111,23,1@23,0,0,0,0,10,CHECK,10,CHECK,4
32150,0,0,1,00100,4,10111,23,1@23,0,0,0,0,10,CHECK,10,CHECK,4
32200,1,0,1,00101,5,10111,23,1@23,0,0,0,0,10,CHECK,10,CHECK,5
32250,0,0,1,00101,5,10111,23,1@23,0,0,0,0,10,CHECK,10,CHECK,5
32300,1,0,1,00110,6,10111,23,1@23,0,0,0,0,10,CHECK,10,CHECK,6
32350,0,0,1,00110,6,10111,23,1@23,0,0,0,0,10,CHECK,10,CHECK,6
32400,1,0,1,00111,7,10111,23,1@23,0,0,0,0,10,CHECK,10,CHECK,7
32450,0,0,1,00111,7,10111,23,1@23,0,0,0,0,10,CHECK,10,CHECK,7
32500,1,0,1,01000,8,10111,23,1@23,0,0,0,0,10,CHECK,10,CHECK,8
32550,0,0,1,01000,8,10111,23,1@23,0,0,0,0,10,CHECK,10,CHECK,8
32600,1,0,1,01001,9,10111,23,1@23,0,0,0,0,10,CHECK,10,CHECK,9
32650,0,0,1,01001,9,10111,23,1@23,0,0,0,0,10,CHECK,10,CHECK,9
32700,1,0,1,01010,10,10111,23,1@23,0,0,0,0,10,CHECK,10,CHECK,10
32750,0,0,1,01010,10,10111,23,1@23,0,0,0,0,10,CHECK,10,CHECK,10
32800,1,0,1,01011,11,10111,23,1@23,0,0,0,0,10,CHECK,10,CHECK,11
32850,0,0,1,01011,11,10111,23,1@23,0,0,0,0,10,CHECK,10,CHECK,11
32900,1,0,1,01100,12,10111,23,1@23,0,0,0,0,10,CHECK,10,CHECK,12
32950,0,0,1,01100,12,10111,23,1@23,0,0,0,0,10,CHECK,10,CHECK,12
33000,1,0,1,01101,13,10111,23,1@23,0,0,0,0,10,CHECK,10,CHECK,13
33050,0,0,1,01101,13,10111,23,1@23,0,0,0,0,10,CHECK,10,CHECK,13
33100,1,0,1,01110,14,10111,23,1@23,0,0,0,0,10,CHECK,10,CHECK,14
33150,0,0,1,01110,14,10111,23,1@23,0,0,0,0,10,CHECK,10,CHECK,14
33200,1,0,1,01111,15,10111,23,1@23,0,0,0,0,10,CHECK,10,CHECK,15
33250,0,0,1,01111,15,10111,23,1@23,0,0,0,0,10,CHECK,10,CHECK,15
33300,1,0,1,10000,16,10111,23,1@23,0,0,0,0,10,CHECK,10,CHECK,16
33350,0,0,1,10000,16,10111,23,1@23,0,0,0,0,10,CHECK,10,CHECK,16
33400,1,0,1,10001,17,10111,23,1@23,0,0,0,0,10,CHECK,10,CHECK,17
33450,0,0,1,10001,17,10111,23,1@23,0,0,0,0,10,CHECK,10,CHECK,17
33500,1,0,1,10010,18,10111,23,1@23,0,0,0,0,10,CHECK,10,CHECK,18
33550,0,0,1,10010,18,10111,23,1@23,0,0,0,0,10,CHECK,10,CHECK,18
33600,1,0,1,10011,19,10111,23,1@23,0,0,0,0,10,CHECK,10,CHECK,19
33650,0,0,1,10011,19,10111,23,1@23,0,0,0,0,10,CHECK,10,CHECK,19
33700,1,0,1,10100,20,10111,23,1@23,0,0,0,0,10,CHECK,10,CHECK,20
33750,0,0,1,10100,20,10111,23,1@23,0,0,0,0,10,CHECK,10,CHECK,20
33800,1,0,1,10101,21,10111,23,1@23,0,0,0,0,10,CHECK,10,CHECK,21
33850,0,0,1,10101,21,10111,23,1@23,0,0,0,0,10,CHECK,10,CHECK,21
33900,1,0,1,10110,22,10111,23,1@23,0,0,0,0,10,CHECK,10,CHECK,22
33950,0,0,1,10110,22,10111,23,1@23,0,0,0,0,10,CHECK,10,CHECK,22
34000,1,1,1,10111,23,10111,23,1@23,0,0,0,0,10,CHECK,01,IDLE,23
34050,0,1,1,10111,23,10111,23,1@23,0,0,0,0,10,CHECK,01,IDLE,23
34100,1,1,1,10111,23,10111,23,1@23,0,0,0,1,01,IDLE,01,IDLE,23
34150,0,1,1,10111,23,11000,24,1@24,0,0,1,1,01,IDLE,10,CHECK,23
34200,1,0,1,00000,0,11000,24,1@24,0,0,1,0,10,CHECK,10,CHECK,0
34250,0,0,1,00000,0,11000,24,1@24,0,0,1,0,10,CHECK,10,CHECK,0
34300,1,0,1,00001,1,11000,24,1@24,0,0,1,0,10,CHECK,10,CHECK,1
34350,0,0,1,00001,1,11000,24,1@24,0,0,1,0,10,CHECK,10,CHECK,1
34400,1,0,1,00010,2,11000,24,1@24,0,0,1,0,10,CHECK,10,CHECK,2
34450,0,0,1,00010,2,11000,24,1@24,0,0,1,0,10,CHECK,10,CHECK,2
34500,1,0,1,00011,3,11000,24,1@24,0,0,1,0,10,CHECK,10,CHECK,3
34550,0,0,1,00011,3,11000,24,1@24,0,0,1,0,10,CHECK,10,CHECK,3
34600,1,0,1,00100,4,11000,24,1@24,0,0,1,0,10,CHECK,10,CHECK,4
34650,0,0,1,00100,4,11000,24,1@24,0,0,1,0,10,CHECK,10,CHECK,4
34700,1,0,1,00101,5,11000,24,1@24,0,0,1,0,10,CHECK,10,CHECK,5
34750,0,0,1,00101,5,11000,24,1@24,0,0,1,0,10,CHECK,10,CHECK,5
34800,1,0,1,00110,6,11000,24,1@24,0,0,1,0,10,CHECK,10,CHECK,6
34850,0,0,1,00110,6,11000,24,1@24,0,0,1,0,10,CHECK,10,CHECK,6
34900,1,0,1,00111,7,11000,24,1@24,0,0,1,0,10,CHECK,10,CHECK,7
34950,0,0,1,00111,7,11000,24,1@24,0,0,1,0,10,CHECK,10,CHECK,7
35000,1,0,1,01000,8,11000,24,1@24,0,0,1,0,10,CHECK,10,CHECK,8
35050,0,0,1,01000,8,11000,24,1@24,0,0,1,0,10,CHECK,10,CHECK,8
35100,1,0,1,01001,9,11000,24,1@24,0,0,1,0,10,CHECK,10,CHECK,9
35150,0,0,1,01001,9,11000,24,1@24,0,0,1,0,10,CHECK,10,CHECK,9
35200,1,0,1,01010,10,11000,24,1@24,0,0,1,0,10,CHECK,10,CHECK,10
35250,0,0,1,01010,10,11000,24,1@24,0,0,1,0,10,CHECK,10,CHECK,10
35300,1,0,1,01011,11,11000,24,1@24,0,0,1,0,10,CHECK,10,CHECK,11
35350,0,0,1,01011,11,11000,24,1@24,0,0,1,0,10,CHECK,10,CHECK,11
35400,1,0,1,01100,12,11000,24,1@24,0,0,1,0,10,CHECK,10,CHECK,12
35450,0,0,1,01100,12,11000,24,1@24,0,0,1,0,10,CHECK,10,CHECK,12
35500,1,0,1,01101,13,11000,24,1@24,0,0,1,0,10,CHECK,10,CHECK,13
35550,0,0,1,01101,13,11000,24,1@24,0,0,1,0,10,CHECK,10,CHECK,13
35600,1,0,1,01110,14,11000,24,1@24,0,0,1,0,10,CHECK,10,CHECK,14
35650,0,0,1,01110,14,11000,24,1@24,0,0,1,0,10,CHECK,10,CHECK,14
35700,1,0,1,01111,15,11000,24,1@24,0,0,1,0,10,CHECK,10,CHECK,15
35750,0,0,1,01111,15,11000,24,1@24,0,0,1,0,10,CHECK,10,CHECK,15
35800,1,0,1,10000,16,11000,24,1@24,0,0,1,0,10,CHECK,10,CHECK,16
35850,0,0,1,10000,16,11000,24,1@24,0,0,1,0,10,CHECK,10,CHECK,16
35900,1,0,1,10001,17,11000,24,1@24,0,0,1,0,10,CHECK,10,CHECK,17
35950,0,0,1,10001,17,11000,24,1@24,0,0,1,0,10,CHECK,10,CHECK,17
36000,1,0,1,10010,18,11000,24,1@24,0,0,1,0,10,CHECK,10,CHECK,18
36050,0,0,1,10010,18,11000,24,1@24,0,0,1,0,10,CHECK,10,CHECK,18
36100,1,0,1,10011,19,11000,24,1@24,0,0,1,0,10,CHECK,10,CHECK,19
36150,0,0,1,10011,19,11000,24,1@24,0,0,1,0,10,CHECK,10,CHECK,19
36200,1,0,1,10100,20,11000,24,1@24,0,0,1,0,10,CHECK,10,CHECK,20
36250,0,0,1,10100,20,11000,24,1@24,0,0,1,0,10,CHECK,10,CHECK,20
36300,1,0,1,10101,21,11000,24,1@24,0,0,1,0,10,CHECK,10,CHECK,21
36350,0,0,1,10101,21,11000,24,1@24,0,0,1,0,10,CHECK,10,CHECK,21
36400,1,0,1,10110,22,11000,24,1@24,0,0,1,0,10,CHECK,10,CHECK,22
36450,0,0,1,10110,22,11000,24,1@24,0,0,1,0,10,CHECK,10,CHECK,22
36500,1,0,1,10111,23,11000,24,1@24,0,0,1,0,10,CHECK,10,CHECK,23
36550,0,0,1,10111,23,11000,24,1@24,0,0,1,0,10,CHECK,10,CHECK,23
36600,1,1,1,11000,24,11000,24,1@24,0,0,1,0,10,CHECK,01,IDLE,24
36650,0,1,1,11000,24,11000,24,1@24,0,0,1,0,10,CHECK,01,IDLE,24
36700,1,1,1,11000,24,11000,24,1@24,0,0,0,1,01,IDLE,01,IDLE,24
36750,0,1,1,11000,24,11001,25,1@25,0,0,1,1,01,IDLE,10,CHECK,24
36800,1,0,1,00000,0,11001,25,1@25,0,0,1,0,10,CHECK,10,CHECK,0
36850,0,0,1,00000,0,11001,25,1@25,0,0,1,0,10,CHECK,10,CHECK,0
36900,1,0,1,00001,1,11001,25,1@25,0,0,1,0,10,CHECK,10,CHECK,1
36950,0,0,1,00001,1,11001,25,1@25,0,0,1,0,10,CHECK,10,CHECK,1
37000,1,0,1,00010,2,11001,25,1@25,0,0,1,0,10,CHECK,10,CHECK,2
37050,0,0,1,00010,2,11001,25,1@25,0,0,1,0,10,CHECK,10,CHECK,2
37100,1,0,1,00011,3,11001,25,1@25,0,0,1,0,10,CHECK,10,CHECK,3
37150,0,0,1,00011,3,11001,25,1@25,0,0,1,0,10,CHECK,10,CHECK,3
37200,1,0,1,00100,4,11001,25,1@25,0,0,1,0,10,CHECK,10,CHECK,4
37250,0,0,1,00100,4,11001,25,1@25,0,0,1,0,10,CHECK,10,CHECK,4
37300,1,0,1,00101,5,11001,25,1@25,0,0,1,0,10,CHECK,10,CHECK,5
37350,0,0,1,00101,5,11001,25,1@25,0,0,1,0,10,CHECK,10,CHECK,5
37400,1,0,1,00110,6,11001,25,1@25,0,0,1,0,10,CHECK,10,CHECK,6
37450,0,0,1,00110,6,11001,25,1@25,0,0,1,0,10,CHECK,10,CHECK,6
37500,1,0,1,00111,7,11001,25,1@25,0,0,1,0,10,CHECK,10,CHECK,7
37550,0,0,1,00111,7,11001,25,1@25,0,0,1,0,10,CHECK,10,CHECK,7
37600,1,0,1,01000,8,11001,25,1@25,0,0,1,0,10,CHECK,10,CHECK,8
37650,0,0,1,01000,8,11001,25,1@25,0,0,1,0,10,CHECK,10,CHECK,8
37700,1,0,1,01001,9,11001,25,1@25,0,0,1,0,10,CHECK,10,CHECK,9
37750,0,0,1,01001,9,11001,25,1@25,0,0,1,0,10,CHECK,10,CHECK,9
37800,1,0,1,01010,10,11001,25,1@25,0,0,1,0,10,CHECK,10,CHECK,10
37850,0,0,1,01010,10,11001,25,1@25,0,0,1,0,10,CHECK,10,CHECK,10
37900,1,0,1,01011,11,11001,25,1@25,0,0,1,0,10,CHECK,10,CHECK,11
37950,0,0,1,01011,11,11001,25,1@25,0,0,1,0,10,CHECK,10,CHECK,11
38000,1,0,1,01100,12,11001,25,1@25,0,0,1,0,10,CHECK,10,CHECK,12
38050,0,0,1,01100,12,11001,25,1@25,0,0,1,0,10,CHECK,10,CHECK,12
38100,1,0,1,01101,13,11001,25,1@25,0,0,1,0,10,CHECK,10,CHECK,13
38150,0,0,1,01101,13,11001,25,1@25,0,0,1,0,10,CHECK,10,CHECK,13
38200,1,0,1,01110,14,11001,25,1@25,0,0,1,0,10,CHECK,10,CHECK,14
38250,0,0,1,01110,14,11001,25,1@25,0,0,1,0,10,CHECK,10,CHECK,14
38300,1,0,1,01111,15,11001,25,1@25,0,0,1,0,10,CHECK,10,CHECK,15
38350,0,0,1,01111,15,11001,25,1@25,0,0,1,0,10,CHECK,10,CHECK,15
38400,1,0,1,10000,16,11001,25,1@25,0,0,1,0,10,CHECK,10,CHECK,16
38450,0,0,1,10000,16,11001,25,1@25,0,0,1,0,10,CHECK,10,CHECK,16
38500,1,0,1,10001,17,11001,25,1@25,0,0,1,0,10,CHECK,10,CHECK,17
38550,0,0,1,10001,17,11001,25,1@25,0,0,1,0,10,CHECK,10,CHECK,17
38600,1,0,1,10010,18,11001,25,1@25,0,0,1,0,10,CHECK,10,CHECK,18
38650,0,0,1,10010,18,11001,25,1@25,0,0,1,0,10,CHECK,10,CHECK,18
38700,1,0,1,10011,19,11001,25,1@25,0,0,1,0,10,CHECK,10,CHECK,19
38750,0,0,1,10011,19,11001,25,1@25,0,0,1,0,10,CHECK,10,CHECK,19
38800,1,0,1,10100,20,11001,25,1@25,0,0,1,0,10,CHECK,10,CHECK,20
38850,0,0,1,10100,20,11001,25,1@25,0,0,1,0,10,CHECK,10,CHECK,20
38900,1,0,1,10101,21,11001,25,1@25,0,0,1,0,10,CHECK,10,CHECK,21
38950,0,0,1,10101,21,11001,25,1@25,0,0,1,0,10,CHECK,10,CHECK,21
39000,1,0,1,10110,22,11001,25,1@25,0,0,1,0,10,CHECK,10,CHECK,22
39050,0,0,1,10110,22,11001,25,1@25,0,0,1,0,10,CHECK,10,CHECK,22
39100,1,0,1,10111,23,11001,25,1@25,0,0,1,0,10,CHECK,10,CHECK,23
39150,0,0,1,10111,23,11001,25,1@25,0,0,1,0,10,CHECK,10,CHECK,23
39200,1,0,1,11000,24,11001,25,1@25,0,0,1,0,10,CHECK,10,CHECK,24
39250,0,0,1,11000,24,11001,25,1@25,0,0,1,0,10,CHECK,10,CHECK,24
39300,1,1,1,11001,25,11001,25,1@25,0,0,1,0,10,CHECK,01,IDLE,25
39350,0,1,1,11001,25,11001,25,1@25,0,0,1,0,10,CHECK,01,IDLE,25
39400,1,1,1,11001,25,11001,25,1@25,0,0,0,1,01,IDLE,01,IDLE,25
39450,0,1,1,11001,25,11010,26,1@26,0,0,1,1,01,IDLE,10,CHECK,25
39500,1,0,1,00000,0,11010,26,1@26,0,0,1,0,10,CHECK,10,CHECK,0
39550,0,0,1,00000,0,11010,26,1@26,0,0,0,0,10,CHECK,10,CHECK,0
39600,1,0,1,00001,1,11010,26,1@26,0,0,0,0,10,CHECK,10,CHECK,1
39650,0,0,1,00001,1,11010,26,1@26,0,0,0,0,10,CHECK,10,CHECK,1
39700,1,0,1,00010,2,11010,26,1@26,0,0,0,0,10,CHECK,10,CHECK,2
39750,0,0,1,00010,2,11010,26,1@26,0,0,0,0,10,CHECK,10,CHECK,2
39800,1,0,1,00011,3,11010,26,1@26,0,0,0,0,10,CHECK,10,CHECK,3
39850,0,0,1,00011,3,11010,26,1@26,0,0,0,0,10,CHECK,10,CHECK,3
39900,1,0,1,00100,4,11010,26,1@26,0,0,0,0,10,CHECK,10,CHECK,4
39950,0,0,1,00100,4,11010,26,1@26,0,0,0,0,10,CHECK,10,CHECK,4
40000,1,0,1,00101,5,11010,26,1@26,0,0,0,0,10,CHECK,10,CHECK,5
40050,0,0,1,00101,5,11010,26,1@26,0,0,0,0,10,CHECK,10,CHECK,5
40100,1,0,1,00110,6,11010,26,1@26,0,0,0,0,10,CHECK,10,CHECK,6
40150,0,0,1,00110,6,11010,26,1@26,0,0,0,0,10,CHECK,10,CHECK,6
40200,1,0,1,00111,7,11010,26,1@26,0,0,0,0,10,CHECK,10,CHECK,7
40250,0,0,1,00111,7,11010,26,1@26,0,0,0,0,10,CHECK,10,CHECK,7
40300,1,0,1,01000,8,11010,26,1@26,0,0,0,0,10,CHECK,10,CHECK,8
40350,0,0,1,01000,8,11010,26,1@26,0,0,0,0,10,CHECK,10,CHECK,8
40400,1,0,1,01001,9,11010,26,1@26,0,0,0,0,10,CHECK,10,CHECK,9
40450,0,0,1,01001,9,11010,26,1@26,0,0,0,0,10,CHECK,10,CHECK,9
40500,1,0,1,01010,10,11010,26,1@26,0,0,0,0,10,CHECK,10,CHECK,10
40550,0,0,1,01010,10,11010,26,1@26,0,0,0,0,10,CHECK,10,CHECK,10
40600,1,0,1,01011,11,11010,26,1@26,0,0,0,0,10,CHECK,10,CHECK,11
40650,0,0,1,01011,11,11010,26,1@26,0,0,0,0,10,CHECK,10,CHECK,11
40700,1,0,1,01100,12,11010,26,1@26,0,0,0,0,10,CHECK,10,CHECK,12
40750,0,0,1,01100,12,11010,26,1@26,0,0,0,0,10,CHECK,10,CHECK,12
40800,1,0,1,01101,13,11010,26,1@26,0,0,0,0,10,CHECK,10,CHECK,13
40850,0,0,1,01101,13,11010,26,1@26,0,0,0,0,10,CHECK,10,CHECK,13
40900,1,0,1,01110,14,11010,26,1@26,0,0,0,0,10,CHECK,10,CHECK,14
40950,0,0,1,01110,14,11010,26,1@26,0,0,0,0,10,CHECK,10,CHECK,14
41000,1,0,1,01111,15,11010,26,1@26,0,0,0,0,10,CHECK,10,CHECK,15
41050,0,0,1,01111,15,11010,26,1@26,0,0,0,0,10,CHECK,10,CHECK,15
41100,1,0,1,10000,16,11010,26,1@26,0,0,0,0,10,CHECK,10,CHECK,16
41150,0,0,1,10000,16,11010,26,1@26,0,0,0,0,10,CHECK,10,CHECK,16
41200,1,0,1,10001,17,11010,26,1@26,0,0,0,0,10,CHECK,10,CHECK,17
41250,0,0,1,10001,17,11010,26,1@26,0,0,0,0,10,CHECK,10,CHECK,17
41300,1,0,1,10010,18,11010,26,1@26,0,0,0,0,10,CHECK,10,CHECK,18
41350,0,0,1,10010,18,11010,26,1@26,0,0,0,0,10,CHECK,10,CHECK,18
41400,1,0,1,10011,19,11010,26,1@26,0,0,0,0,10,CHECK,10,CHECK,19
41450,0,0,1,10011,19,11010,26,1@26,0,0,0,0,10,CHECK,10,CHECK,19
41500,1,0,1,10100,20,11010,26,1@26,0,0,0,0,10,CHECK,10,CHECK,20
41550,0,0,1,10100,20,11010,26,1@26,0,0,0,0,10,CHECK,10,CHECK,20
41600,1,0,1,10101,21,11010,26,1@26,0,0,0,0,10,CHECK,10,CHECK,21
41650,0,0,1,10101,21,11010,26,1@26,0,0,0,0,10,CHECK,10,CHECK,21
41700,1,0,1,10110,22,11010,26,1@26,0,0,0,0,10,CHECK,10,CHECK,22
41750,0,0,1,10110,22,11010,26,1@26,0,0,0,0,10,CHECK,10,CHECK,22
41800,1,0,1,10111,23,11010,26,1@26,0,0,0,0,10,CHECK,10,CHECK,23
41850,0,0,1,10111,23,11010,26,1@26,0,0,0,0,10,CHECK,10,CHECK,23
41900,1,0,1,11000,24,11010,26,1@26,0,0,0,0,10,CHECK,10,CHECK,24
41950,0,0,1,11000,24,11010,26,1@26,0,0,0,0,10,CHECK,10,CHECK,24
42000,1,0,1,11001,25,11010,26,1@26,0,0,0,0,10,CHECK,10,CHECK,25
42050,0,0,1,11001,25,11010,26,1@26,0,0,0,0,10,CHECK,10,CHECK,25
42100,1,1,1,11010,26,11010,26,1@26,0,0,0,0,10,CHECK,01,IDLE,26
42150,0,1,1,11010,26,11010,26,1@26,0,0,0,0,10,CHECK,01,IDLE,26
42200,1,1,1,11010,26,11010,26,1@26,0,0,0,1,01,IDLE,01,IDLE,26
42250,0,1,1,11010,26,11011,27,1@27,0,0,1,1,01,IDLE,10,CHECK,26
42300,1,0,1,00000,0,11011,27,1@27,0,0,1,0,10,CHECK,10,CHECK,0
42350,0,0,1,00000,0,11011,27,1@27,0,0,1,0,10,CHECK,10,CHECK,0
42400,1,0,1,00001,1,11011,27,1@27,0,0,1,0,10,CHECK,10,CHECK,1
42450,0,0,1,00001,1,11011,27,1@27,0,0,1,0,10,CHECK,10,CHECK,1
42500,1,0,1,00010,2,11011,27,1@27,0,0,1,0,10,CHECK,10,CHECK,2
42550,0,0,1,00010,2,11011,27,1@27,0,0,1,0,10,CHECK,10,CHECK,2
42600,1,0,1,00011,3,11011,27,1@27,0,0,1,0,10,CHECK,10,CHECK,3
42650,0,0,1,00011,3,11011,27,1@27,0,0,1,0,10,CHECK,10,CHECK,3
42700,1,0,1,00100,4,11011,27,1@27,0,0,1,0,10,CHECK,10,CHECK,4
42750,0,0,1,00100,4,11011,27,1@27,0,0,1,0,10,CHECK,10,CHECK,4
42800,1,0,1,00101,5,11011,27,1@27,0,0,1,0,10,CHECK,10,CHECK,5
42850,0,0,1,00101,5,11011,27,1@27,0,0,1,0,10,CHECK,10,CHECK,5
42900,1,0,1,00110,6,11011,27,1@27,0,0,1,0,10,CHECK,10,CHECK,6
42950,0,0,1,00110,6,11011,27,1@27,0,0,1,0,10,CHECK,10,CHECK,6
43000,1,0,1,00111,7,11011,27,1@27,0,0,1,0,10,CHECK,10,CHECK,7
43050,0,0,1,00111,7,11011,27,1@27,0,0,1,0,10,CHECK,10,CHECK,7
43100,1,0,1,01000,8,11011,27,1@27,0,0,1,0,10,CHECK,10,CHECK,8
43150,0,0,1,01000,8,11011,27,1@27,0,0,1,0,10,CHECK,10,CHECK,8
43200,1,0,1,01001,9,11011,27,1@27,0,0,1,0,10,CHECK,10,CHECK,9
43250,0,0,1,01001,9,11011,27,1@27,0,0,1,0,10,CHECK,10,CHECK,9
43300,1,0,1,01010,10,11011,27,1@27,0,0,1,0,10,CHECK,10,CHECK,10
43350,0,0,1,01010,10,11011,27,1@27,0,0,1,0,10,CHECK,10,CHECK,10
43400,1,0,1,01011,11,11011,27,1@27,0,0,1,0,10,CHECK,10,CHECK,11
43450,0,0,1,01011,11,11011,27,1@27,0,0,1,0,10,CHECK,10,CHECK,11
43500,1,0,1,01100,12,11011,27,1@27,0,0,1,0,10,CHECK,10,CHECK,12
43550,0,0,1,01100,12,11011,27,1@27,0,0,1,0,10,CHECK,10,CHECK,12
43600,1,0,1,01101,13,11011,27,1@27,0,0,1,0,10,CHECK,10,CHECK,13
43650,0,0,1,01101,13,11011,27,1@27,0,0,1,0,10,CHECK,10,CHECK,13
43700,1,0,1,01110,14,11011,27,1@27,0,0,1,0,10,CHECK,10,CHECK,14
43750,0,0,1,01110,14,11011,27,1@27,0,0,1,0,10,CHECK,10,CHECK,14
43800,1,0,1,01111,15,11011,27,1@27,0,0,1,0,10,CHECK,10,CHECK,15
43850,0,0,1,01111,15,11011,27,1@27,0,0,1,0,10,CHECK,10,CHECK,15
43900,1,0,1,10000,16,11011,27,1@27,0,0,1,0,10,CHECK,10,CHECK,16
43950,0,0,1,10000,16,11011,27,1@27,0,0,1,0,10,CHECK,10,CHECK,16
44000,1,0,1,10001,17,11011,27,1@27,0,0,1,0,10,CHECK,10,CHECK,17
44050,0,0,1,10001,17,11011,27,1@27,0,0,1,0,10,CHECK,10,CHECK,17
44100,1,0,1,10010,18,11011,27,1@27,0,0,1,0,10,CHECK,10,CHECK,18
44150,0,0,1,10010,18,11011,27,1@27,0,0,1,0,10,CHECK,10,CHECK,18
44200,1,0,1,10011,19,11011,27,1@27,0,0,1,0,10,CHECK,10,CHECK,19
44250,0,0,1,10011,19,11011,27,1@27,0,0,1,0,10,CHECK,10,CHECK,19
44300,1,0,1,10100,20,11011,27,1@27,0,0,1,0,10,CHECK,10,CHECK,20
44350,0,0,1,10100,20,11011,27,1@27,0,0,1,0,10,CHECK,10,CHECK,20
44400,1,0,1,10101,21,11011,27,1@27,0,0,1,0,10,CHECK,10,CHECK,21
44450,0,0,1,10101,21,11011,27,1@27,0,0,1,0,10,CHECK,10,CHECK,21
44500,1,0,1,10110,22,11011,27,1@27,0,0,1,0,10,CHECK,10,CHECK,22
44550,0,0,1,10110,22,11011,27,1@27,0,0,1,0,10,CHECK,10,CHECK,22
44600,1,0,1,10111,23,11011,27,1@27,0,0,1,0,10,CHECK,10,CHECK,23
44650,0,0,1,10111,23,11011,27,1@27,0,0,1,0,10,CHECK,10,CHECK,23
44700,1,0,1,11000,24,11011,27,1@27,0,0,1,0,10,CHECK,10,CHECK,24
44750,0,0,1,11000,24,11011,27,1@27,0,0,1,0,10,CHECK,10,CHECK,24
44800,1,0,1,11001,25,11011,27,1@27,0,0,1,0,10,CHECK,10,CHECK,25
44850,0,0,1,11001,25,11011,27,1@27,0,0,1,0,10,CHECK,10,CHECK,25
44900,1,0,1,11010,26,11011,27,1@27,0,0,1,0,10,CHECK,10,CHECK,26
44950,0,0,1,11010,26,11011,27,1@27,0,0,1,0,10,CHECK,10,CHECK,26
45000,1,1,1,11011,27,11011,27,1@27,0,0,1,0,10,CHECK,01,IDLE,27
45050,0,1,1,11011,27,11011,27,1@27,0,0,1,0,10,CHECK,01,IDLE,27
45100,1,1,1,11011,27,11011,27,1@27,0,0,0,1,01,IDLE,01,IDLE,27
45150,0,1,1,11011,27,11100,28,1@28,0,0,1,1,01,IDLE,10,CHECK,27
45200,1,0,1,00000,0,11100,28,1@28,0,0,1,0,10,CHECK,10,CHECK,0
45250,0,0,1,00000,0,11100,28,1@28,0,0,0,0,10,CHECK,10,CHECK,0
45300,1,0,1,00001,1,11100,28,1@28,0,0,0,0,10,CHECK,10,CHECK,1
45350,0,0,1,00001,1,11100,28,1@28,0,0,0,0,10,CHECK,10,CHECK,1
45400,1,0,1,00010,2,11100,28,1@28,0,0,0,0,10,CHECK,10,CHECK,2
45450,0,0,1,00010,2,11100,28,1@28,0,0,0,0,10,CHECK,10,CHECK,2
45500,1,0,1,00011,3,11100,28,1@28,0,0,0,0,10,CHECK,10,CHECK,3
45550,0,0,1,00011,3,11100,28,1@28,0,0,0,0,10,CHECK,10,CHECK,3
45600,1,0,1,00100,4,11100,28,1@28,0,0,0,0,10,CHECK,10,CHECK,4
45650,0,0,1,00100,4,11100,28,1@28,0,0,0,0,10,CHECK,10,CHECK,4
45700,1,0,1,00101,5,11100,28,1@28,0,0,0,0,10,CHECK,10,CHECK,5
45750,0,0,1,00101,5,11100,28,1@28,0,0,0,0,10,CHECK,10,CHECK,5
45800,1,0,1,00110,6,11100,28,1@28,0,0,0,0,10,CHECK,10,CHECK,6
45850,0,0,1,00110,6,11100,28,1@28,0,0,0,0,10,CHECK,10,CHECK,6
45900,1,0,1,00111,7,11100,28,1@28,0,0,0,0,10,CHECK,10,CHECK,7
45950,0,0,1,00111,7,11100,28,1@28,0,0,0,0,10,CHECK,10,CHECK,7
46000,1,0,1,01000,8,11100,28,1@28,0,0,0,0,10,CHECK,10,CHECK,8
46050,0,0,1,01000,8,11100,28,1@28,0,0,0,0,10,CHECK,10,CHECK,8
46100,1,0,1,01001,9,11100,28,1@28,0,0,0,0,10,CHECK,10,CHECK,9
46150,0,0,1,01001,9,11100,28,1@28,0,0,0,0,10,CHECK,10,CHECK,9
46200,1,0,1,01010,10,11100,28,1@28,0,0,0,0,10,CHECK,10,CHECK,10
46250,0,0,1,01010,10,11100,28,1@28,0,0,0,0,10,CHECK,10,CHECK,10
46300,1,0,1,01011,11,11100,28,1@28,0,0,0,0,10,CHECK,10,CHECK,11
46350,0,0,1,01011,11,11100,28,1@28,0,0,0,0,10,CHECK,10,CHECK,11
46400,1,0,1,01100,12,11100,28,1@28,0,0,0,0,10,CHECK,10,CHECK,12
46450,0,0,1,01100,12,11100,28,1@28,0,0,0,0,10,CHECK,10,CHECK,12
46500,1,0,1,01101,13,11100,28,1@28,0,0,0,0,10,CHECK,10,CHECK,13
46550,0,0,1,01101,13,11100,28,1@28,0,0,0,0,10,CHECK,10,CHECK,13
46600,1,0,1,01110,14,11100,28,1@28,0,0,0,0,10,CHECK,10,CHECK,14
46650,0,0,1,01110,14,11100,28,1@28,0,0,0,0,10,CHECK,10,CHECK,14
46700,1,0,1,01111,15,11100,28,1@28,0,0,0,0,10,CHECK,10,CHECK,15
46750,0,0,1,01111,15,11100,28,1@28,0,0,0,0,10,CHECK,10,CHECK,15
46800,1,0,1,10000,16,11100,28,1@28,0,0,0,0,10,CHECK,10,CHECK,16
46850,0,0,1,10000,16,11100,28,1@28,0,0,0,0,10,CHECK,10,CHECK,16
46900,1,0,1,10001,17,11100,28,1@28,0,0,0,0,10,CHECK,10,CHECK,17
46950,0,0,1,10001,17,11100,28,1@28,0,0,0,0,10,CHECK,10,CHECK,17
47000,1,0,1,10010,18,11100,28,1@28,0,0,0,0,10,CHECK,10,CHECK,18
47050,0,0,1,10010,18,11100,28,1@28,0,0,0,0,10,CHECK,10,CHECK,18
47100,1,0,1,10011,19,11100,28,1@28,0,0,0,0,10,CHECK,10,CHECK,19
47150,0,0,1,10011,19,11100,28,1@28,0,0,0,0,10,CHECK,10,CHECK,19
47200,1,0,1,10100,20,11100,28,1@28,0,0,0,0,10,CHECK,10,CHECK,20
47250,0,0,1,10100,20,11100,28,1@28,0,0,0,0,10,CHECK,10,CHECK,20
47300,1,0,1,10101,21,11100,28,1@28,0,0,0,0,10,CHECK,10,CHECK,21
47350,0,0,1,10101,21,11100,28,1@28,0,0,0,0,10,CHECK,10,CHECK,21
47400,1,0,1,10110,22,11100,28,1@28,0,0,0,0,10,CHECK,10,CHECK,22
47450,0,0,1,10110,22,11100,28,1@28,0,0,0,0,10,CHECK,10,CHECK,22
47500,1,0,1,10111,23,11100,28,1@28,0,0,0,0,10,CHECK,10,CHECK,23
47550,0,0,1,10111,23,11100,28,1@28,0,0,0,0,10,CHECK,10,CHECK,23
47600,1,0,1,11000,24,11100,28,1@28,0,0,0,0,10,CHECK,10,CHECK,24
47650,0,0,1,11000,24,11100,28,1@28,0,0,0,0,10,CHECK,10,CHECK,24
47700,1,0,1,11001,25,11100,28,1@28,0,0,0,0,10,CHECK,10,CHECK,25
47750,0,0,1,11001,25,11100,28,1@28,0,0,0,0,10,CHECK,10,CHECK,25
47800,1,0,1,11010,26,11100,28,1@28,0,0,0,0,10,CHECK,10,CHECK,26
47850,0,0,1,11010,26,11100,28,1@28,0,0,0,0,10,CHECK,10,CHECK,26
47900,1,0,1,11011,27,11100,28,1@28,0,0,0,0,10,CHECK,10,CHECK,27
47950,0,0,1,11011,27,11100,28,1@28,0,0,0,0,10,CHECK,10,CHECK,27
48000,1,1,1,11100,28,11100,28,1@28,0,0,0,0,10,CHECK,01,IDLE,28
48050,0,1,1,11100,28,11100,28,1@28,0,0,0,0,10,CHECK,01,IDLE,28
48100,1,1,1,11100,28,11100,28,1@28,0,0,0,1,01,IDLE,01,IDLE,28
48150,0,1,1,11100,28,11101,29,1@29,0,0,0,1,01,IDLE,01,IDLE,28
48200,1,1,1,11100,28,11101,29,1@29,0,0,0,1,01,IDLE,01,IDLE,28
48250,0,1,1,11100,28,11101,29,1@29,0,0,1,1,01,IDLE,10,CHECK,28
48300,1,0,1,00000,0,11101,29,1@29,0,0,1,0,10,CHECK,10,CHECK,0
48350,0,0,1,00000,0,11101,29,1@29,0,0,1,0,10,CHECK,10,CHECK,0
48400,1,0,1,00001,1,11101,29,1@29,0,0,1,0,10,CHECK,10,CHECK,1
48450,0,0,1,00001,1,11101,29,1@29,0,0,1,0,10,CHECK,10,CHECK,1
48500,1,0,1,00010,2,11101,29,1@29,0,0,1,0,10,CHECK,10,CHECK,2
48550,0,0,1,00010,2,11101,29,1@29,0,0,1,0,10,CHECK,10,CHECK,2
48600,1,0,1,00011,3,11101,29,1@29,0,0,1,0,10,CHECK,10,CHECK,3
48650,0,0,1,00011,3,11101,29,1@29,0,0,1,0,10,CHECK,10,CHECK,3
48700,1,0,1,00100,4,11101,29,1@29,0,0,1,0,10,CHECK,10,CHECK,4
48750,0,0,1,00100,4,11101,29,1@29,0,0,1,0,10,CHECK,10,CHECK,4
48800,1,0,1,00101,5,11101,29,1@29,0,0,1,0,10,CHECK,10,CHECK,5
48850,0,0,1,00101,5,11101,29,1@29,0,0,1,0,10,CHECK,10,CHECK,5
48900,1,0,1,00110,6,11101,29,1@29,0,0,1,0,10,CHECK,10,CHECK,6
48950,0,0,1,00110,6,11101,29,1@29,0,0,1,0,10,CHECK,10,CHECK,6
49000,1,0,1,00111,7,11101,29,1@29,0,0,1,0,10,CHECK,10,CHECK,7
49050,0,0,1,00111,7,11101,29,1@29,0,0,1,0,10,CHECK,10,CHECK,7
49100,1,0,1,01000,8,11101,29,1@29,0,0,1,0,10,CHECK,10,CHECK,8
49150,0,0,1,01000,8,11101,29,1@29,0,0,1,0,10,CHECK,10,CHECK,8
49200,1,0,1,01001,9,11101,29,1@29,0,0,1,0,10,CHECK,10,CHECK,9
49250,0,0,1,01001,9,11101,29,1@29,0,0,1,0,10,CHECK,10,CHECK,9
49300,1,0,1,01010,10,11101,29,1@29,0,0,1,0,10,CHECK,10,CHECK,10
49350,0,0,1,01010,10,11101,29,1@29,0,0,1,0,10,CHECK,10,CHECK,10
49400,1,0,1,01011,11,11101,29,1@29,0,0,1,0,10,CHECK,10,CHECK,11
49450,0,0,1,01011,11,11101,29,1@29,0,0,1,0,10,CHECK,10,CHECK,11
49500,1,0,1,01100,12,11101,29,1@29,0,0,1,0,10,CHECK,10,CHECK,12
49550,0,0,1,01100,12,11101,29,1@29,0,0,1,0,10,CHECK,10,CHECK,12
49600,1,0,1,01101,13,11101,29,1@29,0,0,1,0,10,CHECK,10,CHECK,13
49650,0,0,1,01101,13,11101,29,1@29,0,0,1,0,10,CHECK,10,CHECK,13
49700,1,0,1,01110,14,11101,29,1@29,0,0,1,0,10,CHECK,10,CHECK,14
49750,0,0,1,01110,14,11101,29,1@29,0,0,1,0,10,CHECK,10,CHECK,14
49800,1,0,1,01111,15,11101,29,1@29,0,0,1,0,10,CHECK,10,CHECK,15
49850,0,0,1,01111,15,11101,29,1@29,0,0,1,0,10,CHECK,10,CHECK,15
49900,1,0,1,10000,16,11101,29,1@29,0,0,1,0,10,CHECK,10,CHECK,16
49950,0,0,1,10000,16,11101,29,1@29,0,0,1,0,10,CHECK,10,CHECK,16
50000,1,0,1,10001,17,11101,29,1@29,0,0,1,0,10,CHECK,10,CHECK,17
50050,0,0,1,10001,17,11101,29,1@29,0,0,1,0,10,CHECK,10,CHECK,17
50100,1,0,1,10010,18,11101,29,1@29,0,0,1,0,10,CHECK,10,CHECK,18
50150,0,0,1,10010,18,11101,29,1@29,0,0,1,0,10,CHECK,10,CHECK,18
50200,1,0,1,10011,19,11101,29,1@29,0,0,1,0,10,CHECK,10,CHECK,19
50250,0,0,1,10011,19,11101,29,1@29,0,0,1,0,10,CHECK,10,CHECK,19
50300,1,0,1,10100,20,11101,29,1@29,0,0,1,0,10,CHECK,10,CHECK,20
50350,0,0,1,10100,20,11101,29,1@29,0,0,1,0,10,CHECK,10,CHECK,20
50400,1,0,1,10101,21,11101,29,1@29,0,0,1,0,10,CHECK,10,CHECK,21
50450,0,0,1,10101,21,11101,29,1@29,0,0,1,0,10,CHECK,10,CHECK,21
50500,1,0,1,10110,22,11101,29,1@29,0,0,1,0,10,CHECK,10,CHECK,22
50550,0,0,1,10110,22,11101,29,1@29,0,0,1,0,10,CHECK,10,CHECK,22
50600,1,0,1,10111,23,11101,29,1@29,0,0,1,0,10,CHECK,10,CHECK,23
50650,0,0,1,10111,23,11101,29,1@29,0,0,1,0,10,CHECK,10,CHECK,23
50700,1,0,1,11000,24,11101,29,1@29,0,0,1,0,10,CHECK,10,CHECK,24
50750,0,0,1,11000,24,11101,29,1@29,0,0,1,0,10,CHECK,10,CHECK,24
50800,1,0,1,11001,25,11101,29,1@29,0,0,1,0,10,CHECK,10,CHECK,25
50850,0,0,1,11001,25,11101,29,1@29,0,0,1,0,10,CHECK,10,CHECK,25
50900,1,0,1,11010,26,11101,29,1@29,0,0,1,0,10,CHECK,10,CHECK,26
50950,0,0,1,11010,26,11101,29,1@29,0,0,1,0,10,CHECK,10,CHECK,26
51000,1,0,1,11011,27,11101,29,1@29,0,0,1,0,10,CHECK,10,CHECK,27
51050,0,0,1,11011,27,11101,29,1@29,0,0,1,0,10,CHECK,10,CHECK,27
51100,1,0,1,11100,28,11101,29,1@29,0,0,1,0,10,CHECK,10,CHECK,28
51150,0,0,1,11100,28,11101,29,1@29,0,0,1,0,10,CHECK,10,CHECK,28
51200,1,1,1,11101,29,11101,29,1@29,0,0,1,0,10,CHECK,01,IDLE,29
51250,0,1,1,11101,29,11101,29,1@29,0,0,1,0,10,CHECK,01,IDLE,29
51300,1,1,1,11101,29,11101,29,1@29,0,0,0,1,01,IDLE,01,IDLE,29
51350,0,1,1,11101,29,11110,30,1@30,0,0,0,1,01,IDLE,01,IDLE,29
51400,1,1,1,11101,29,11110,30,1@30,0,0,0,1,01,IDLE,01,IDLE,29
51450,0,1,1,11101,29,11110,30,1@30,0,0,1,1,01,IDLE,10,CHECK,29
51500,1,0,1,00000,0,11110,30,1@30,0,0,1,0,10,CHECK,10,CHECK,0
51550,0,0,1,00000,0,11110,30,1@30,0,0,1,0,10,CHECK,10,CHECK,0
51600,1,0,1,00001,1,11110,30,1@30,0,0,1,0,10,CHECK,10,CHECK,1
51650,0,0,1,00001,1,11110,30,1@30,0,0,1,0,10,CHECK,10,CHECK,1
51700,1,0,1,00010,2,11110,30,1@30,0,0,1,0,10,CHECK,10,CHECK,2
51750,0,0,1,00010,2,11110,30,1@30,0,0,1,0,10,CHECK,10,CHECK,2
51800,1,0,1,00011,3,11110,30,1@30,0,0,1,0,10,CHECK,10,CHECK,3
51850,0,0,1,00011,3,11110,30,1@30,0,0,1,0,10,CHECK,10,CHECK,3
51900,1,0,1,00100,4,11110,30,1@30,0,0,1,0,10,CHECK,10,CHECK,4
51950,0,0,1,00100,4,11110,30,1@30,0,0,1,0,10,CHECK,10,CHECK,4
52000,1,0,1,00101,5,11110,30,1@30,0,0,1,0,10,CHECK,10,CHECK,5
52050,0,0,1,00101,5,11110,30,1@30,0,0,1,0,10,CHECK,10,CHECK,5
52100,1,0,1,00110,6,11110,30,1@30,0,0,1,0,10,CHECK,10,CHECK,6
52150,0,0,1,00110,6,11110,30,1@30,0,0,1,0,10,CHECK,10,CHECK,6
52200,1,0,1,00111,7,11110,30,1@30,0,0,1,0,10,CHECK,10,CHECK,7
52250,0,0,1,00111,7,11110,30,1@30,0,0,1,0,10,CHECK,10,CHECK,7
52300,1,0,1,01000,8,11110,30,1@30,0,0,1,0,10,CHECK,10,CHECK,8
52350,0,0,1,01000,8,11110,30,1@30,0,0,1,0,10,CHECK,10,CHECK,8
52400,1,0,1,01001,9,11110,30,1@30,0,0,1,0,10,CHECK,10,CHECK,9
52450,0,0,1,01001,9,11110,30,1@30,0,0,1,0,10,CHECK,10,CHECK,9
52500,1,0,1,01010,10,11110,30,1@30,0,0,1,0,10,CHECK,10,CHECK,10
52550,0,0,1,01010,10,11110,30,1@30,0,0,1,0,10,CHECK,10,CHECK,10
52600,1,0,1,01011,11,11110,30,1@30,0,0,1,0,10,CHECK,10,CHECK,11
52650,0,0,1,01011,11,11110,30,1@30,0,0,1,0,10,CHECK,10,CHECK,11
52700,1,0,1,01100,12,11110,30,1@30,0,0,1,0,10,CHECK,10,CHECK,12
52750,0,0,1,01100,12,11110,30,1@30,0,0,1,0,10,CHECK,10,CHECK,12
52800,1,0,1,01101,13,11110,30,1@30,0,0,1,0,10,CHECK,10,CHECK,13
52850,0,0,1,01101,13,11110,30,1@30,0,0,1,0,10,CHECK,10,CHECK,13
52900,1,0,1,01110,14,11110,30,1@30,0,0,1,0,10,CHECK,10,CHECK,14
52950,0,0,1,01110,14,11110,30,1@30,0,0,1,0,10,CHECK,10,CHECK,14
53000,1,0,1,01111,15,11110,30,1@30,0,0,1,0,10,CHECK,10,CHECK,15
53050,0,0,1,01111,15,11110,30,1@30,0,0,1,0,10,CHECK,10,CHECK,15
53100,1,0,1,10000,16,11110,30,1@30,0,0,1,0,10,CHECK,10,CHECK,16
53150,0,0,1,10000,16,11110,30,1@30,0,0,1,0,10,CHECK,10,CHECK,16
53200,1,0,1,10001,17,11110,30,1@30,0,0,1,0,10,CHECK,10,CHECK,17
53250,0,0,1,10001,17,11110,30,1@30,0,0,1,0,10,CHECK,10,CHECK,17
53300,1,0,1,10010,18,11110,30,1@30,0,0,1,0,10,CHECK,10,CHECK,18
53350,0,0,1,10010,18,11110,30,1@30,0,0,1,0,10,CHECK,10,CHECK,18
53400,1,0,1,10011,19,11110,30,1@30,0,0,1,0,10,CHECK,10,CHECK,19
53450,0,0,1,10011,19,11110,30,1@30,0,0,1,0,10,CHECK,10,CHECK,19
53500,1,0,1,10100,20,11110,30,1@30,0,0,1,0,10,CHECK,10,CHECK,20
53550,0,0,1,10100,20,11110,30,1@30,0,0,1,0,10,CHECK,10,CHECK,20
53600,1,0,1,10101,21,11110,30,1@30,0,0,1,0,10,CHECK,10,CHECK,21
53650,0,0,1,10101,21,11110,30,1@30,0,0,1,0,10,CHECK,10,CHECK,21
53700,1,0,1,10110,22,11110,30,1@30,0,0,1,0,10,CHECK,10,CHECK,22
53750,0,0,1,10110,22,11110,30,1@30,0,0,1,0,10,CHECK,10,CHECK,22
53800,1,0,1,10111,23,11110,30,1@30,0,0,1,0,10,CHECK,10,CHECK,23
53850,0,0,1,10111,23,11110,30,1@30,0,0,1,0,10,CHECK,10,CHECK,23
53900,1,0,1,11000,24,11110,30,1@30,0,0,1,0,10,CHECK,10,CHECK,24
53950,0,0,1,11000,24,11110,30,1@30,0,0,1,0,10,CHECK,10,CHECK,24
54000,1,0,1,11001,25,11110,30,1@30,0,0,1,0,10,CHECK,10,CHECK,25
54050,0,0,1,11001,25,11110,30,1@30,0,0,1,0,10,CHECK,10,CHECK,25
54100,1,0,1,11010,26,11110,30,1@30,0,0,1,0,10,CHECK,10,CHECK,26
54150,0,0,1,11010,26,11110,30,1@30,0,0,1,0,10,CHECK,10,CHECK,26
54200,1,0,1,11011,27,11110,30,1@30,0,0,1,0,10,CHECK,10,CHECK,27
54250,0,0,1,11011,27,11110,30,1@30,0,0,1,0,10,CHECK,10,CHECK,27
54300,1,0,1,11100,28,11110,30,1@30,0,0,1,0,10,CHECK,10,CHECK,28
54350,0,0,1,11100,28,11110,30,1@30,0,0,1,0,10,CHECK,10,CHECK,28
54400,1,0,1,11101,29,11110,30,1@30,0,0,1,0,10,CHECK,10,CHECK,29
54450,0,0,1,11101,29,11110,30,1@30,0,0,1,0,10,CHECK,10,CHECK,29
54500,1,1,1,11110,30,11110,30,1@30,0,0,1,0,10,CHECK,01,IDLE,30
54550,0,1,1,11110,30,11110,30,1@30,0,0,1,0,10,CHECK,01,IDLE,30
54600,1,1,1,11110,30,11110,30,1@30,0,0,0,1,01,IDLE,01,IDLE,30
54650,0,1,1,11110,30,11111,31,1@31,0,0,0,1,01,IDLE,01,IDLE,30
54700,1,1,1,11110,30,11111,31,1@31,0,0,0,1,01,IDLE,01,IDLE,30
54750,0,1,1,11110,30,11111,31,1@31,0,0,0,1,01,IDLE,01,IDLE,30
54800,1,1,1,11110,30,11111,31,1@31,0,0,0,1,01,IDLE,01,IDLE,30
54850,0,1,1,11110,30,11111,31,1@31,0,0,0,1,01,IDLE,01,IDLE,30
54900,1,1,1,11110,30,11111,31,1@31,0,0,0,1,01,IDLE,01,IDLE,30
54950,0,1,1,11110,30,11111,31,1@31,0,0,0,1,01,IDLE,01,IDLE,30
55000,1,1,1,11110,30,11111,31,1@31,0,0,0,1,01,IDLE,01,IDLE,30
55050,0,1,1,11110,30,11111,31,1@31,0,0,1,1,01,IDLE,10,CHECK,30
55100,1,0,1,00000,0,11111,31,1@31,0,0,1,0,10,CHECK,10,CHECK,0
55150,0,0,1,00000,0,11111,31,1@31,0,0,0,0,10,CHECK,10,CHECK,0
55200,1,0,1,00001,1,11111,31,1@31,0,0,0,0,10,CHECK,10,CHECK,1
55250,0,0,1,00001,1,11111,31,1@31,0,0,0,0,10,CHECK,10,CHECK,1
55300,1,0,1,00010,2,11111,31,1@31,0,0,0,0,10,CHECK,10,CHECK,2
55350,0,0,1,00010,2,11111,31,1@31,0,0,0,0,10,CHECK,10,CHECK,2
55400,1,0,1,00011,3,11111,31,1@31,0,0,0,0,10,CHECK,10,CHECK,3
55450,0,0,1,00011,3,11111,31,1@31,0,0,0,0,10,CHECK,10,CHECK,3
55500,1,0,1,00100,4,11111,31,1@31,0,0,0,0,10,CHECK,10,CHECK,4
55550,0,0,1,00100,4,11111,31,1@31,0,0,0,0,10,CHECK,10,CHECK,4
55600,1,0,1,00101,5,11111,31,1@31,0,0,0,0,10,CHECK,10,CHECK,5
55650,0,0,1,00101,5,11111,31,1@31,0,0,0,0,10,CHECK,10,CHECK,5
55700,1,0,1,00110,6,11111,31,1@31,0,0,0,0,10,CHECK,10,CHECK,6
55750,0,0,1,00110,6,11111,31,1@31,0,0,0,0,10,CHECK,10,CHECK,6
55800,1,0,1,00111,7,11111,31,1@31,0,0,0,0,10,CHECK,10,CHECK,7
55850,0,0,1,00111,7,11111,31,1@31,0,0,0,0,10,CHECK,10,CHECK,7
55900,1,0,1,01000,8,11111,31,1@31,0,0,0,0,10,CHECK,10,CHECK,8
55950,0,0,1,01000,8,11111,31,1@31,0,0,0,0,10,CHECK,10,CHECK,8
56000,1,0,1,01001,9,11111,31,1@31,0,0,0,0,10,CHECK,10,CHECK,9
56050,0,0,1,01001,9,11111,31,1@31,0,0,0,0,10,CHECK,10,CHECK,9
56100,1,0,1,01010,10,11111,31,1@31,0,0,0,0,10,CHECK,10,CHECK,10
56150,0,0,1,01010,10,11111,31,1@31,0,0,0,0,10,CHECK,10,CHECK,10
56200,1,0,1,01011,11,11111,31,1@31,0,0,0,0,10,CHECK,10,CHECK,11
56250,0,0,1,01011,11,11111,31,1@31,0,0,0,0,10,CHECK,10,CHECK,11
56300,1,0,1,01100,12,11111,31,1@31,0,0,0,0,10,CHECK,10,CHECK,12
56350,0,0,1,01100,12,11111,31,1@31,0,0,0,0,10,CHECK,10,CHECK,12
56400,1,0,1,01101,13,11111,31,1@31,0,0,0,0,10,CHECK,10,CHECK,13
56450,0,0,1,01101,13,11111,31,1@31,0,0,0,0,10,CHECK,10,CHECK,13
56500,1,0,1,01110,14,11111,31,1@31,0,0,0,0,10,CHECK,10,CHECK,14
56550,0,0,1,01110,14,11111,31,1@31,0,0,0,0,10,CHECK,10,CHECK,14
56600,1,0,1,01111,15,11111,31,1@31,0,0,0,0,10,CHECK,10,CHECK,15
56650,0,0,1,01111,15,11111,31,1@31,0,0,0,0,10,CHECK,10,CHECK,15
56700,1,0,1,10000,16,11111,31,1@31,0,0,0,0,10,CHECK,10,CHECK,16
56750,0,0,1,10000,16,11111,31,1@31,0,0,0,0,10,CHECK,10,CHECK,16
56800,1,0,1,10001,17,11111,31,1@31,0,0,0,0,10,CHECK,10,CHECK,17
56850,0,0,1,10001,17,11111,31,1@31,0,0,0,0,10,CHECK,10,CHECK,17
56900,1,0,1,10010,18,11111,31,1@31,0,0,0,0,10,CHECK,10,CHECK,18
56950,0,0,1,10010,18,11111,31,1@31,0,0,0,0,10,CHECK,10,CHECK,18
57000,1,0,1,10011,19,11111,31,1@31,0,0,0,0,10,CHECK,10,CHECK,19
57050,0,0,1,10011,19,11111,31,1@31,0,0,0,0,10,CHECK,10,CHECK,19
57100,1,0,1,10100,20,11111,31,1@31,0,0,0,0,10,CHECK,10,CHECK,20
57150,0,0,1,10100,20,11111,31,1@31,0,0,0,0,10,CHECK,10,CHECK,20
57200,1,0,1,10101,21,11111,31,1@31,0,0,0,0,10,CHECK,10,CHECK,21
57250,0,0,1,10101,21,11111,31,1@31,0,0,0,0,10,CHECK,10,CHECK,21
57300,1,0,1,10110,22,11111,31,1@31,0,0,0,0,10,CHECK,10,CHECK,22
57350,0,0,1,10110,22,11111,31,1@31,0,0,0,0,10,CHECK,10,CHECK,22
57400,1,0,1,10111,23,11111,31,1@31,0,0,0,0,10,CHECK,10,CHECK,23
57450,0,0,1,10111,23,11111,31,1@31,0,0,0,0,10,CHECK,10,CHECK,23
57500,1,0,1,11000,24,11111,31,1@31,0,0,0,0,10,CHECK,10,CHECK,24
57550,0,0,1,11000,24,11111,31,1@31,0,0,0,0,10,CHECK,10,CHECK,24
57600,1,0,1,11001,25,11111,31,1@31,0,0,0,0,10,CHECK,10,CHECK,25
57650,0,0,1,11001,25,11111,31,1@31,0,0,0,0,10,CHECK,10,CHECK,25
57700,1,0,1,11010,26,11111,31,1@31,0,0,0,0,10,CHECK,10,CHECK,26
57750,0,0,1,11010,26,11111,31,1@31,0,0,0,0,10,CHECK,10,CHECK,26
57800,1,0,1,11011,27,11111,31,1@31,0,0,0,0,10,CHECK,10,CHECK,27
57850,0,0,1,11011,27,11111,31,1@31,0,0,0,0,10,CHECK,10,CHECK,27
57900,1,0,1,11100,28,11111,31,1@31,0,0,0,0,10,CHECK,10,CHECK,28
57950,0,0,1,11100,28,11111,31,1@31,0,0,0,0,10,CHECK,10,CHECK,28
58000,1,0,1,11101,29,11111,31,1@31,0,0,0,0,10,CHECK,10,CHECK,29
58050,0,0,1,11101,29,11111,31,1@31,0,0,0,0,10,CHECK,10,CHECK,29
58100,1,0,1,11110,30,11111,31,1@31,0,0,0,0,10,CHECK,10,CHECK,30
58150,0,0,1,11110,30,11111,31,1@31,0,0,0,0,10,CHECK,10,CHECK,30
58200,1,1,1,11111,31,11111,31,1@31,0,0,0,0,10,CHECK,01,IDLE,31
58250,0,1,1,11111,31,11111,31,1@31,0,0,0,0,10,CHECK,01,IDLE,31
58300,1,1,1,11111,31,11111,31,1@31,0,0,0,1,01,IDLE,01,IDLE,31
58350,0,1,0,11111,31,11111,31,0,0,0,1,1,01,IDLE,10,CHECK,31
58400,1,0,0,00000,0,11111,31,0,0,0,1,0,10,CHECK,10,CHECK,0
58450,0,0,0,00000,0,11111,31,0,0,0,0,0,10,CHECK,10,CHECK,0
58500,1,0,0,00001,1,11111,31,0,0,0,0,0,10,CHECK,10,CHECK,1
58550,0,0,0,00001,1,11111,31,0,0,0,0,0,10,CHECK,10,CHECK,1
58600,1,0,0,00010,2,11111,31,0,0,0,0,0,10,CHECK,10,CHECK,2
58650,0,0,0,00010,2,11111,31,0,0,0,0,0,10,CHECK,10,CHECK,2
58700,1,0,0,00011,3,11111,31,0,0,0,0,0,10,CHECK,10,CHECK,3
58750,0,0,0,00011,3,11111,31,0,0,0,0,0,10,CHECK,10,CHECK,3
58800,1,0,0,00100,4,11111,31,0,0,0,0,0,10,CHECK,10,CHECK,4
58850,0,0,0,00100,4,11111,31,0,0,0,0,0,10,CHECK,10,CHECK,4
58900,1,0,0,00101,5,11111,31,0,0,0,0,0,10,CHECK,10,CHECK,5
58950,0,0,0,00101,5,11111,31,0,0,0,0,0,10,CHECK,10,CHECK,5
59000,1,0,0,00110,6,11111,31,0,0,0,0,0,10,CHECK,10,CHECK,6
59050,0,0,0,00110,6,11111,31,0,0,0,0,0,10,CHECK,10,CHECK,6
59100,1,0,0,00111,7,11111,31,0,0,0,0,0,10,CHECK,10,CHECK,7
59150,0,0,0,00111,7,11111,31,0,0,0,0,0,10,CHECK,10,CHECK,7
59200,1,0,0,01000,8,11111,31,0,0,0,0,0,10,CHECK,10,CHECK,8
59250,0,0,0,01000,8,11111,31,0,0,0,0,0,10,CHECK,10,CHECK,8
59300,1,0,0,01001,9,11111,31,0,0,0,0,0,10,CHECK,10,CHECK,9
59350,0,0,0,01001,9,11111,31,0,0,0,0,0,10,CHECK,10,CHECK,9
59400,1,0,0,01010,10,11111,31,0,0,0,0,0,10,CHECK,10,CHECK,10
59450,0,0,0,01010,10,11111,31,0,0,0,0,0,10,CHECK,10,CHECK,10
59500,1,0,0,01011,11,11111,31,0,0,0,0,0,10,CHECK,10,CHECK,11
59550,0,0,0,01011,11,11111,31,0,0,0,0,0,10,CHECK,10,CHECK,11
59600,1,0,0,01100,12,11111,31,0,0,0,0,0,10,CHECK,10,CHECK,12
59650,0,0,0,01100,12,11111,31,0,0,0,0,0,10,CHECK,10,CHECK,12
59700,1,0,0,01101,13,11111,31,0,0,0,0,0,10,CHECK,10,CHECK,13
59750,0,0,0,01101,13,11111,31,0,0,0,0,0,10,CHECK,10,CHECK,13
59800,1,0,0,01110,14,11111,31,0,0,0,0,0,10,CHECK,10,CHECK,14
59850,0,0,0,01110,14,11111,31,0,0,0,0,0,10,CHECK,10,CHECK,14
59900,1,0,0,01111,15,11111,31,0,0,0,0,0,10,CHECK,10,CHECK,15
59950,0,0,0,01111,15,11111,31,0,0,0,0,0,10,CHECK,10,CHECK,15
60000,1,0,0,10000,16,11111,31,0,0,0,0,0,10,CHECK,10,CHECK,16
60050,0,0,0,10000,16,11111,31,0,0,0,0,0,10,CHECK,10,CHECK,16
60100,1,0,0,10001,17,11111,31,0,0,0,0,0,10,CHECK,10,CHECK,17
60150,0,0,0,10001,17,11111,31,0,0,0,0,0,10,CHECK,10,CHECK,17
60200,1,0,0,10010,18,11111,31,0,0,0,0,0,10,CHECK,10,CHECK,18
60250,0,0,0,10010,18,11111,31,0,0,0,0,0,10,CHECK,10,CHECK,18
60300,1,0,0,10011,19,11111,31,0,0,0,0,0,10,CHECK,10,CHECK,19
60350,0,0,0,10011,19,11111,31,0,0,0,0,0,10,CHECK,10,CHECK,19
60400,1,0,0,10100,20,11111,31,0,0,0,0,0,10,CHECK,10,CHECK,20
60450,0,0,0,10100,20,11111,31,0,0,0,0,0,10,CHECK,10,CHECK,20
60500,1,0,0,10101,21,11111,31,0,0,0,0,0,10,CHECK,10,CHECK,21
60550,0,0,0,10101,21,11111,31,0,0,0,0,0,10,CHECK,10,CHECK,21
60600,1,0,0,10110,22,11111,31,0,0,0,0,0,10,CHECK,10,CHECK,22
60650,0,0,0,10110,22,11111,31,0,0,0,0,0,10,CHECK,10,CHECK,22
60700,1,0,0,10111,23,11111,31,0,0,0,0,0,10,CHECK,10,CHECK,23
60750,0,0,0,10111,23,11111,31,0,0,0,0,0,10,CHECK,10,CHECK,23
60800,1,0,0,11000,24,11111,31,0,0,0,0,0,10,CHECK,10,CHECK,24
60850,0,0,0,11000,24,11111,31,0,0,0,0,0,10,CHECK,10,CHECK,24
60900,1,0,0,11001,25,11111,31,0,0,0,0,0,10,CHECK,10,CHECK,25
60950,0,0,0,11001,25,11111,31,0,0,0,0,0,10,CHECK,10,CHECK,25
61000,1,0,0,11010,26,11111,31,0,0,0,0,0,10,CHECK,10,CHECK,26
61050,0,0,0,11010,26,11111,31,0,0,0,0,0,10,CHECK,10,CHECK,26
61100,1,0,0,11011,27,11111,31,0,0,0,0,0,10,CHECK,10,CHECK,27
61150,0,0,0,11011,27,11111,31,0,0,0,0,0,10,CHECK,10,CHECK,27
61200,1,0,0,11100,28,11111,31,0,0,0,0,0,10,CHECK,10,CHECK,28
61250,0,0,0,11100,28,11111,31,0,0,0,0,0,10,CHECK,10,CHECK,28
61300,1,0,0,11101,29,11111,31,0,0,0,0,0,10,CHECK,10,CHECK,29
61350,0,0,0,11101,29,11111,31,0,0,0,0,0,10,CHECK,10,CHECK,29
61400,1,0,0,11110,30,11111,31,0,0,0,0,0,10,CHECK,10,CHECK,30
61450,0,0,0,11110,30,11111,31,0,0,0,0,0,10,CHECK,10,CHECK,30
61500,1,0,0,11111,31,11111,31,0,0,0,0,0,10,CHECK,01,IDLE,31
61550,0,0,0,11111,31,11111,31,0,0,0,0,0,10,CHECK,01,IDLE,31
61600,1,0,0,11111,31,11111,31,0,0,0,0,1,01,IDLE,01,IDLE,31
61650,0,0,0,11111,31,11111,31,0,0,0,0,1,01,IDLE,01,IDLE,31
